"Title","Year","TheNumbers_Budget","Kraggle_Budget"
"1,000 times good night",2014,NA,NA
"1001 grams",2015,NA,NA
"10 cloverfield lane",2016,5e+06,15000000
"10 days in a madhouse",2015,NA,1200000
"11.22.63",2016,NA,30000000
"11 minutes",2015,NA,2023012
"13 hours: the secret soldiers of benghazi",2016,5e+07,50000000
"13 minutes",2017,NA,NA
"13 sins",2014,NA,5000000
"14 blades",2014,NA,NA
"1944",2015,NA,2000000
"1987",2014,NA,4000000
"20,000 days on earth",2014,NA,NA
"20,000 leagues under the sea",2016,2e+05,NA
"20 once again",2015,NA,NA
"20th century women",2016,NA,7000000
"2:22",2017,NA,NA
"22 jump street",2014,5e+07,50000000
"22 minutes",2014,NA,6500000
"23 blast",2014,1e+06,NA
"24",2016,NA,10000000
"2 autumns, 3 winters",2014,NA,NA
"2 states",2014,NA,NA
"300: rise of an empire",2014,1.1e+08,110000000
"31",2016,1500000,1500000
"3 1/2 minutes, 10 bullets",2015,NA,NA
"3 braves",2015,NA,143149
"3 days to kill",2014,2.8e+07,28000000
"3 generations",2016,NA,5000000
"3 generations",2017,NA,NA
"3 idiotas",2017,NA,NA
"45 years",2015,NA,NA
"47 meters down",2017,NA,5500000
"50 to 1",2014,1e+07,10000000
"5 flights up",2014,NA,6000000
"5 flights up",2015,NA,NA
"5 to 7",2015,NA,NA
"6 below: miracle on the mountain",2017,NA,NA
"'71",2015,NA,NA
"7 boxes",2014,NA,NA
"90 minutes in heaven",2015,5e+06,5000000
"99 homes",2014,NA,8000000
"99 homes",2015,NA,NA
"aanandam",2016,NA,450000
"a bad moms christmas",2017,2.8e+07,NA
"abcd (any body can dance) 2",2015,NA,NA
"a beautiful planet",2016,NA,NA
"a bigger splash",2016,NA,NA
"a borrowed identity",2015,NA,NA
"about last night",2014,1.3e+07,12500000
"about last night (2014)",2014,NA,NA
"abracadabra",2017,NA,NA
"a brilliant young mind",2015,NA,NA
"absolutely anything",2017,NA,NA
"absolutely fabulous: the movie",2016,NA,NA
"absolution",2015,NA,2000000
"accidental love",2015,NA,26000000
"a coffee in berlin",2014,NA,NA
"a conspiracy of faith",2016,NA,5210000
"action hero biju",2016,NA,300000
"action jackson (2014)",2014,NA,NA
"a cure for wellness",2017,NA,40000000
"adderall diaries",2016,NA,NA
"addicted",2014,5e+06,NA
"admiral",2015,NA,10000000
"a dog's purpose",2017,NA,22000000
"a dog’s purpose",2017,2.5e+07,NA
"adulterers",2016,NA,750000
"adult world",2014,NA,NA
"advanced style",2014,NA,NA
"ae dil hai mushkil",2016,NA,NA
"aferim!",2015,NA,1379375
"aferim!",2016,NA,NA
"afflicted",2014,NA,318000
"a five star life",2014,NA,NA
"afterimage",2017,NA,NA
"aftermath",2017,NA,10500000
"after the ball",2015,NA,NA
"after the storm",2017,NA,NA
"against the sun",2015,NA,NA
"a gentleman",2017,NA,NA
"age of uprising: the legend of michael kohlhaas (u.s. only)",2014,NA,NA
"a ghost story",2017,NA,100000
"a girl walks home alone at night",2014,NA,1000000
"a good job: stories of the fdny",2014,NA,600000
"a good man",2014,NA,7000000
"a haunted house 2",2014,4e+06,NA
"a hologram for the king",2016,3.5e+07,30000000
"airlift",2016,NA,4500000
"a journey through time with anthony",2015,NA,NA
"alan partridge: the movie",2014,NA,NA
"a lego brickumentary",2015,NA,650000
"a letter to momo",2014,NA,NA
"alexander and the terrible, horrible, no good, very bad day",2014,2.8e+07,28000000
"alice through the looking glass",2016,1.7e+08,170000000
"alien: covenant",2017,9.7e+07,97000000
"a little chaos",2015,NA,NA
"all at once",2014,NA,750000
"allegiant",2016,NA,110000000
"alleluia",2015,NA,NA
"alléluia",2014,NA,3673315
"all eyez on me",2017,4.5e+07,45000000
"allied",2016,1.06e+08,85000000
"all saints",2017,2e+06,NA
"all-stars",2014,NA,608000
"all the money in the world",2017,NA,NA
"almost christmas",2016,1.7e+07,17000000
"aloft",2014,NA,8000000
"aloha",2015,3.7e+07,37000000
"alone in berlin",2017,NA,NA
"a long way down",2014,NA,NA
"along with the gods: the two worlds",2017,NA,NA
"alphaville (2013 re-release)",2014,NA,NA
"alvin and the chipmunks: the road chip",2015,9e+07,NA
"a man called ove",2016,NA,NA
"a melody to remember",2016,NA,NA
"american assassin",2017,6.3e+07,NA
"american heist",2014,NA,10000000
"american honey",2016,3500000,NA
"american made",2017,5e+07,NA
"american pastoral",2016,NA,NA
"american sniper",2014,5.8e+07,58800000
"american ultra",2015,2.8e+07,28000000
"a million ways to die in the west",2014,4e+07,NA
"amityville: the awakening",2017,NA,NA
"amnesiac",2015,NA,3000000
"a monster calls",2016,NA,43000000
"a monster calls",2017,4.3e+07,NA
"a monster with a thousand heads",2016,NA,NA
"a most violent year",2014,2e+07,20000000
"a most wanted man",2014,1.5e+07,15000000
"amour fou",2015,NA,NA
"amy",2015,NA,NA
"and so it goes",2014,1.8e+07,18000000
"anesthesia",2016,NA,NA
"an eye for beauty",2015,NA,NA
"angry video game nerd: the movie",2014,NA,325927
"an inconvenient sequel",2017,1e+06,NA
"an inconvenient sequel: truth to power",2017,NA,1000000
"anna",2014,NA,NA
"annabelle",2014,6500000,6500000
"annabelle: creation",2017,1.5e+07,NA
"annie",2014,6.5e+07,65000000
"annie (2014)",2014,NA,NA
"anomalisa",2015,8e+06,8000000
"another world",2014,NA,1000000
"anthropoid",2016,NA,9000000
"antibirth",2016,NA,35000000
"ant-man",2015,1.3e+08,130000000
"a perfect day",2016,NA,NA
"a pigeon sat on a branch reflecting on existence",2015,NA,NA
"a poem is a naked person (2015 re-issue)",2015,NA,NA
"appropriate behavior",2015,NA,NA
"april and the extraordinary world",2016,NA,NA
"aquarius",2016,NA,762241
"a quiet passion",2016,NA,8138338
"a quiet passion",2017,NA,NA
"arabian nights: volume 1 - the restless one",2015,NA,NA
"arabian nights: volume 2 - the desolate one",2015,NA,NA
"arabian nights: volume 3 - the enchanted one",2015,NA,NA
"archipelago",2014,NA,NA
"area 51",2015,NA,5000000
"argentina",2016,NA,NA
"a royal night out",2015,NA,NA
"arrival",2016,4.7e+07,47000000
"arsenal",2017,NA,10000000
"arthur & merlin",2015,NA,3000000
"as above, so below",2014,5e+06,5000000
"as above/so below",2014,NA,NA
"a second chance",2014,NA,4700000
"ashby",2015,NA,NA
"a silent voice",2017,NA,NA
"as i open my eyes",2016,NA,NA
"ask me anything",2014,NA,950000
"assassination (2015)",2015,NA,NA
"assassin's creed",2016,NA,125000000
"assassin’s creed",2016,1.25e+08,NA
"asterix: the mansions of the gods",2014,NA,30000000
"a street cat named bob",2016,NA,8000000
"asura: the city of madness",2016,NA,NA
"a tale of love and darkness",2015,NA,4000000
"a tale of love and darkness",2016,NA,NA
"a tale of winter (conte d'hiver)",2014,NA,NA
"a taxi driver",2017,NA,NA
"atlas shrugged part iii: who is john galt?",2014,NA,5000000
"atlas shrugged: who is john galt?",2014,5e+06,NA
"atomic blonde",2017,3e+07,30000000
"attack on titan: part 1",2015,NA,NA
"attack on titan: part 2",2015,NA,NA
"attraction",2017,NA,6277106
"a united kingdom",2016,NA,14000000
"a united kingdom",2017,NA,NA
"author: the jt leroy story",2016,NA,NA
"automata",2014,NA,7000000
"avengers: age of ultron",2015,330600000,280000000
"a violent prosecutor",2016,NA,500
"awake: the life of yogananda",2014,NA,NA
"a walk among the tombstones",2014,2.8e+07,28000000
"a walk in the woods",2015,NA,8000000
"a war",2016,NA,NA
"awol-72",2015,NA,3000000
"a woman's life",2017,NA,NA
"baaghi",2016,NA,NA
"baahubali 2: the conclusion",2017,3e+07,18000000
"baahubali: the beginning",2015,4e+07,40000000
"baar baar dekho",2016,NA,NA
"babai",2015,NA,2137000
"baby driver",2017,3.4e+07,34000000
"back in time",2015,NA,190000
"back in time (congcong nanian)",2014,NA,NA
"back to mom's",2016,NA,8600000
"back to the future day",2015,NA,NA
"back to the jurassic",2015,NA,NA
"bad ass 2: bad asses",2014,NA,5500000
"bad asses on the bayou",2015,NA,5300000
"bad ben",2016,NA,300
"badge of honor",2015,NA,5000000
"bad kids of crestview academy",2017,NA,5000000
"badlapur",2015,NA,3700000
"bad moms",2016,2e+07,20000000
"badrinath ki dulhania",2017,NA,NA
"bad santa 2",2016,NA,26000000
"bad words",2014,1e+07,NA
"bajirao mastani",2015,NA,19500000
"bajrangi bhaijaan",2015,1.3e+07,14000000
"ballerina",2016,NA,30000000
"ballerina",2017,3e+07,NA
"bangalore days",2014,NA,7400000
"bang bang",2014,NA,NA
"bang bang baby",2014,NA,1000000
"banking on bitcoin",2016,NA,100000
"barbecue",2014,NA,6000000
"barbershop: the next cut",2016,2e+07,20000000
"barefoot",2014,NA,6000000
"barely lethal",2015,NA,NA
"bastille day",2016,NA,20000000
"batman: bad blood",2016,NA,3500000
"batman: return of the caped crusaders",2016,NA,3500000
"batman: the killing joke",2016,NA,3500000
"batman v superman: dawn of justice",2016,2.5e+08,250000000
"battle for sevastopol",2015,NA,5000000
"battle of the sexes",2017,2.5e+07,NA
"baywatch",2017,6e+07,69000000
"bears",2014,NA,NA
"beasts of no nation",2015,NA,6000000
"beatriz at dinner",2017,NA,NA
"beautiful girl",2014,NA,3000000
"beauty and the beast",2014,NA,33000000
"beauty and the beast",2017,1.6e+08,160000000
"beauty and the beast (2017)",2017,NA,NA
"before i fall",2017,5e+06,5000000
"before i go to sleep",2014,2.2e+07,22000000
"before we go",2015,NA,NA
"begin again",2014,8e+06,NA
"beijing love story",2014,NA,NA
"being 17",2016,NA,NA
"believe",2016,3500000,NA
"belle",2014,NA,NA
"beloved sisters",2015,NA,NA
"be my cat: a film for anne",2015,NA,10000
"bending the arc",2017,NA,NA
"ben-hur",2016,9.5e+07,100000000
"ben-hur (2016)",2016,NA,NA
"best of enemies",2015,NA,1000000
"bethlehem",2014,NA,NA
"better living through chemistry",2014,NA,5000000
"better watch out",2017,NA,NA
"beyond outrage",2014,NA,NA
"beyond the lights",2014,7e+06,7000000
"beyond the reach",2015,NA,NA
"bicycling with moliere",2014,NA,NA
"big eyes",2014,1e+07,10000000
"big fish & begonia",2016,NA,4531653
"big game",2014,NA,8500000
"big game",2015,NA,NA
"big hero 6",2014,1.65e+08,165000000
"big match",2014,NA,500
"big stone gap",2015,NA,NA
"bikes vs cars",2015,NA,90
"bikini model academy",2015,NA,500000
"billy lynn's long halftime walk",2016,NA,40000000
"billy lynn’s long halftime walk",2016,4e+07,NA
"birdman",2014,NA,18000000
"birdman or (the unexpected virtue of ignorance)",2014,1.8e+07,NA
"bird people",2014,NA,NA
"birth of the dragon",2017,3.1e+07,NA
"bitcoin: the end of money as we know it",2015,NA,100000
"bitter harvest",2017,2.1e+07,20000000
"bjork - biophilia live",2014,NA,NA
"black",2015,NA,1200000
"black butler: book of the atlantic",2017,NA,NA
"blackhat",2015,7e+07,70000000
"black mass",2015,5.3e+07,53000000
"black or white",2014,NA,9000000
"black or white",2015,9e+06,NA
"black panthers: vanguard of the revolution",2015,NA,NA
"black rose",2014,NA,7000000
"black sea",2015,NA,NA
"black snow",2017,NA,4000000
"black souls (anime nere)",2015,NA,NA
"blackway",2016,NA,NA
"blade of the immortal",2017,NA,NA
"blade runner 2049",2017,1.85e+08,NA
"blair witch",2016,1e+07,5000000
"bleed",2016,NA,550000
"bleed for this",2016,1.6e+07,6000000
"blended",2014,4.5e+07,40000000
"blind",2017,NA,NA
"bling",2016,NA,15000000
"blinky bill the movie",2015,NA,12796917
"blood father",2016,NA,13000000
"blood ties (2014)",2014,NA,NA
"bluebeard",2017,NA,NA
"blunt force trauma",2015,NA,1000000
"bombay velvet",2015,NA,18000000
"bombshell: the hedy lamarr story",2017,NA,NA
"bone tomahawk",2015,NA,1800000
"boo! a madea halloween",2016,NA,NA
"borgman",2014,NA,NA
"born in china",2017,NA,NA
"born in heinola",2016,NA,1200000
"born to be blue",2016,NA,NA
"born to be blue (us release)",2016,NA,NA
"boruto: naruto the movie",2015,NA,NA
"boulevard",2015,NA,NA
"bound & babysitting",2015,NA,1600000
"boyhood",2014,4e+06,4000000
"bpm (beats per minute)",2017,NA,NA
"brad's status",2017,NA,NA
"breakup buddies",2014,NA,NA
"breathe (2017)",2017,NA,NA
"breathe in",2014,NA,NA
"brexit: the movie",2016,NA,430000
"brick mansions",2014,2.8e+07,28000000
"bridge of spies",2015,4e+07,40000000
"bridget jones's baby",2016,NA,35000000
"bridget jones’s baby",2016,3.5e+07,NA
"bright days ahead",2014,NA,NA
"bromance",2016,NA,400000
"brooklyn",2015,1.1e+07,11000000
"brotherhood of blades 2: the infernal battlefield",2017,NA,NA
"brotherly love",2015,1900000,1900000
"brothers",2015,1.3e+07,NA
"brothers: blood against blood",2015,NA,NA
"brothers of war",2015,NA,1700000
"buddies in india",2017,NA,NA
"buddy hutchins",2015,NA,1200000
"buena vista social club: adios",2017,NA,NA
"buen dia, ramon",2015,NA,NA
"bullet",2014,NA,3000000
"burning bush",2014,NA,NA
"burnout",2014,NA,4000000
"burnt",2015,2e+07,20000000
"busco novio para mi mujer",2016,NA,NA
"but always (yi sheng yi shi)",2014,NA,NA
"by the sea",2015,2e+07,10000000
"cafe society",2016,NA,NA
"café society",2016,NA,30000000
"caffeinated",2015,NA,200000
"cake",2014,NA,7000000
"cake",2015,NA,NA
"calculator",2014,NA,2200000
"call me by your name",2017,NA,4696772
"call of heroes",2016,NA,32000000
"calvary",2014,NA,NA
"camp belvidere",2014,NA,15000
"camp x-ray",2014,NA,1000000
"canopy",2014,NA,NA
"cantinflas",2014,NA,NA
"capsule",2015,NA,1300000
"captain america: civil war",2016,2.5e+08,250000000
"captain america: the winter soldier",2014,1.7e+08,170000000
"captain fantastic",2016,NA,5000000
"captain underpants: the first epic movie",2017,3.8e+07,38000000
"captive",2015,2e+06,2000000
"captive (2015)",2015,NA,NA
"capture the flag",2015,NA,14000000
"cardboard boxer",2016,NA,10000000
"careful what you wish for",2015,NA,8000000
"carol",2015,11800000,11800000
"cars 3",2017,1.75e+08,175000000
"cartel land",2015,NA,NA
"cartels",2016,NA,7000000
"catch hell",2014,NA,2500000
"cemetery of splendor",2016,NA,NA
"cemetery of splendour",2015,NA,980000
"cemetery of splendour",2015,NA,980000
"central intelligence",2016,5e+07,50000000
"certain women",2016,NA,NA
"cesar chavez",2014,NA,10000000
"c'est si bon",2015,NA,NA
"cezanne et moi",2017,NA,NA
"chaar sahibzaade: rise of band singh bahadur",2016,NA,NA
"chain of command",2015,NA,5000000
"chappie",2015,4.9e+07,49000000
"chapter & verse",2016,NA,4000000
"charlie",2015,NA,1900000
"charlie's country",2015,NA,NA
"charlie's farm",2014,NA,3000000
"chef",2014,NA,11000000
"chevalier",2016,NA,NA
"chic!",2015,NA,NA
"child 44",2015,5e+07,50000000
"child's pose",2014,NA,NA
"chinese puzzle",2014,NA,NA
"chips",2017,2.5e+07,25000000
"chi-raq",2015,NA,NA
"chocolat",2016,NA,18500000
"chongqing hot pot",2016,NA,NA
"christmas eve",2015,NA,NA
"chronic",2016,NA,NA
"churchill",2017,NA,10000000
"cìkè niè yinniáng",2015,1.5e+07,NA
"cinderella",2015,9.5e+07,95000000
"cinderella (2015)",2015,NA,NA
"citizenfour",2014,NA,NA
"city of ghosts",2017,NA,NA
"city of gold",2016,NA,NA
"city of tiny lights",2017,NA,3892200
"closed curtain",2014,NA,NA
"closet monster",2016,NA,NA
"clouds of sils maria",2014,NA,6600000
"clouds of sils maria",2015,NA,NA
"clown",2016,NA,NA
"club life",2015,NA,NA
"cock and bull",2016,NA,NA
"coco",2017,1.75e+08,NA
"code of honor",2016,NA,8000000
"cold war 2",2016,NA,NA
"collateral beauty",2016,3.6e+07,36000000
"collide",2016,NA,21500000
"collide",2017,29200000,NA
"colonia",2016,NA,14000000
"colossal",2017,NA,NA
"columbus",2017,7e+05,NA
"come what may",2016,NA,NA
"coming home (2015)",2015,NA,NA
"comment c'est loin",2015,NA,2023920
"compadres",2016,3e+06,3000000
"concussion",2015,3.5e+07,35000000
"concussion (2015)",2015,NA,NA
"confidential assignment",2017,NA,8520000
"cool cat saves the kids",2015,NA,50000
"corner gas: the movie",2014,NA,8500000
"corporate event",2014,NA,2000000
"cosmos",2016,NA,NA
"counting",2015,NA,50000
"court",2015,NA,NA
"cowspiracy: the sustainability secret",2014,NA,117
"creative control",2016,NA,1000000
"creed",2015,3.7e+07,37000000
"criminal",2016,31500000,31500000
"criminal (2016)",2016,NA,NA
"criminal activities",2015,NA,7000000
"crimson peak",2015,5.5e+07,55000000
"crouching tiger, hidden dragon: sword of destiny",2016,NA,20000000
"crumbs",2015,NA,200000
"cuban fury",2014,NA,NA
"cut bank",2014,NA,5000000
"cyborg x",2016,NA,1000000
"daddy's home",2015,NA,50000000
"daddy’s home",2015,5e+07,NA
"daddy's home 2",2017,NA,NA
"daddy’s home 2",2017,7e+07,NA
"dancer",2016,NA,NA
"dance to death",2017,NA,5000000
"dangal",2016,9500000,10400000
"danny collins",2015,1e+07,10000000
"dark dungeons",2014,NA,1000
"darkest hour",2017,3e+07,NA
"dark horse (2016)",2016,NA,NA
"dark places",2015,NA,20000000
"david lynch: the art life",2017,NA,NA
"dawn of the planet of the apes",2014,1.7e+08,170000000
"daylight's end",2016,NA,2000000
"dead awake (2017)",2017,NA,NA
"dead on campus",2014,NA,1500000
"deadpool",2016,5.8e+07,58000000
"dead sea",2014,NA,500000
"dear white people",2014,NA,1000000
"dear zindagi",2016,NA,4300000
"death clique",2014,NA,2000000
"death in buenos aires",2014,NA,500000
"decoding annie parker",2014,NA,2000000
"deepwater horizon",2016,1.56e+08,110000000
"deliver us from evil",2014,3e+07,30000000
"demolition",2016,NA,10000000
"demonic",2015,NA,3000000
"denial",2016,1e+07,10000000
"desert dancer",2015,NA,NA
"desierto",2016,NA,NA
"despicable me 3",2017,7.5e+07,80000000
"detective byomkesh bakshy",2015,NA,NA
"detective chinatown (tang ren jie tan an)",2016,NA,NA
"detective k: secret of the lost island",2015,NA,NA
"detroit",2017,NA,34000000
"devil and angel (e gun tian shi)",2015,NA,NA
"devil's bride",2016,NA,3100000
"devil's due",2014,7e+06,7000000
"dheepan",2016,NA,NA
"diamond cartel",2017,NA,7000000
"diary of a chambermaid",2016,NA,NA
"diary of a wimpy kid: the long haul",2017,2.2e+07,22000000
"difret",2015,NA,NA
"dil dhadakne do",2015,NA,13000000
"dilwale",2015,NA,26000000
"dior and i",2015,NA,NA
"diplomacy",2014,NA,NA
"dirty grandpa",2016,11500000,11500000
"dirty lies",2016,NA,1000000
"dishoom",2016,NA,NA
"disorder",2016,NA,NA
"divergent",2014,8.5e+07,85000000
"divines",2016,NA,2791874
"doctor strange",2016,1.65e+08,165000000
"do i sound gay?",2015,NA,NA
"dolphin tale 2",2014,3.6e+07,36000000
"dom hemingway",2014,7e+06,NA
"dongju: the portrait of a poet",2016,NA,NA
"don't breathe",2016,NA,9900000
"don’t breathe",2016,1e+07,NA
"don't call him ""dimon""",2017,NA,7200
"don't call me son ",2016,NA,NA
"don't kill it",2016,NA,3500000
"don’t think twice",2016,3e+06,NA
"doomed! the untold story of roger corman's the fantastic four",2015,NA,50000
"dope",2015,7e+06,700000
"dough",2016,NA,NA
"down by love",2016,NA,NA
"downsizing",2017,6.8e+07,NA
"down under",2016,NA,2000000
"do you believe?",2015,2300000,NA
"dracula untold",2014,7e+07,70000000
"draft day",2014,2.5e+07,25000000
"dragon ball z: battle of gods",2014,NA,NA
"dragon ball z: resurrection 'f'",2015,NA,5000000
"dragon blade",2015,NA,65000000
"dragon nest: warriors' dawn",2014,NA,40000000
"drive hard",2014,NA,12000000
"drone",2017,NA,4000000
"druid peak",2014,NA,114000
"duckweed",2017,NA,NA
"dumb and dumber to",2014,4e+07,40000000
"duniyadari",2014,NA,390000
"dunkirk",2017,1.5e+08,100000000
"dying of the light",2014,NA,15000000
"dyke hard",2015,NA,30000
"earth: one amazing day",2017,NA,NA
"earth to echo",2014,1.3e+07,13000000
"eastern boys",2015,NA,NA
"easy on the eyes",2014,NA,2153912
"eat locals",2017,NA,2073816
"eddie the eagle",2016,2.3e+07,23000000
"eden",2015,NA,2300000
"edge of tomorrow",2014,1.78e+08,178000000
"effie gray",2015,NA,NA
"eisenstein in guanajuato",2016,NA,NA
"ek villain",2014,NA,NA
"el clan",2016,NA,NA
"el jeremias",2016,NA,NA
"elle",2016,NA,9804690
"elsa & fred",2014,NA,10000000
"elsa & fred (2014)",2014,NA,NA
"elstree 1976",2015,NA,370000
"elvis & nixon",2016,NA,NA
"embrace of the serpent",2015,NA,1400000
"embrace of the serpent",2016,NA,NA
"embrace: the documentary",2016,NA,NA
"emily (2017)",2017,NA,NA
"empire of lust",2015,NA,NA
"empty hours",2014,NA,NA
"enchanted kingdom",2014,NA,18
"endless love",2014,2e+07,20000000
"endless love (2014)",2014,NA,NA
"end of a gun",2016,NA,7500000
"enemies with benefits",2016,NA,20000
"enemy",2014,NA,NA
"enquiring minds: the untold story of the man behind the national enquirer",2014,NA,750000
"entourage",2015,3e+07,30000000
"equals",2015,NA,16000000
"equals",2016,NA,NA
"ernest & celestine",2014,NA,NA
"escobar: paradise lost",2014,NA,17000000
"escobar: paradise lost",2015,NA,NA
"eu fico loko",2017,NA,2500000
"eva",2015,NA,NA
"evangelion: 3.0 you can (not) redo",2014,NA,NA
"everest",2015,6.5e+07,55000000
"everest (2015)",2015,NA,NA
"everybody loves somebody",2017,NA,2000000
"everybody wants some",2016,1e+07,NA
"everybody wants some!!",2016,NA,10000000
"every secret thing",2015,NA,NA
"everything, everything",2017,1e+07,10000000
"every thing will be fine",2015,NA,NA
"evolution",2016,NA,NA
"ex machina",2015,1.3e+07,15000000
"exodus: gods and kings",2014,1.4e+08,140000000
"experimenter",2015,NA,NA
"explosion",2017,NA,NA
"extinction: nature has evolved",2017,NA,3400000
"extraction",2015,NA,NA
"extraordinary mission",2017,NA,NA
"eye in the sky",2015,NA,13000000
"eye in the sky",2016,1.3e+07,NA
"fabricated city",2017,NA,NA
"faces places",2017,NA,NA
"fading gigolo",2014,NA,NA
"fairy tail: dragon cry",2017,NA,NA
"falcon rising",2014,NA,NA
"fall in love like a star",2015,NA,NA
"fan",2016,NA,16000000
"fantastic beasts and where to find them",2016,1.8e+08,180000000
"fantastic four",2015,1.2e+08,120000000
"far from men",2014,NA,7700000
"far from men",2015,NA,NA
"far from the madding crowd",2015,NA,NA
"faster than rabbits",2014,NA,3000000
"father figures",2017,2.5e+07,NA
"fathers and daughters",2015,NA,2240000
"fatima",2016,NA,NA
"fed up",2014,NA,NA
"felicite",2017,NA,NA
"female fight club",2017,NA,2000000
"female werewolf",2015,NA,100000
"fences",2016,2.4e+07,24000000
"ferdinand",2017,1.11e+08,NA
"fidelio: alice's odyssey",2015,NA,NA
"fifty shades darker",2017,5.5e+07,55000000
"fifty shades of black",2016,5e+06,20000000
"fifty shades of grey",2015,4e+07,40000000
"film stars don't die in liverpool",2017,NA,NA
"filth",2014,NA,NA
"finding altamira",2016,NA,9500000
"finding dory",2016,2e+08,200000000
"finding fanny",2014,NA,2489400
"finding mr. right 2",2016,NA,NA
"finding vivian maier",2014,NA,NA
"fire at sea",2016,NA,NA
"fireworks wednesday",2016,NA,NA
"fist fight",2017,2.5e+07,20000000
"fitoor",2016,NA,NA
"flatliners",2017,2e+07,NA
"flatliners (2017)",2017,NA,NA
"flight crew",2016,NA,10000000
"florence foster jenkins",2016,2.9e+07,29000000
"flowers",2015,NA,NA
"focus",2015,6.5e+07,50100000
"focus (2015)",2015,NA,NA
"fog in august",2016,NA,8000000
"food chains",2014,NA,913000
"for a few bullets",2016,NA,NA
"for a woman",2014,NA,NA
"forbidden kingdom",2014,NA,26000000
"force majeure",2014,NA,NA
"foreign body",2014,NA,1500000
"forever young (2015)",2015,NA,NA
"for no good reason",2014,NA,NA
"forsaken",2015,NA,11000000
"foxcatcher",2014,NA,24000000
"francofonia",2016,NA,NA
"frank",2014,NA,NA
"frank miller's sin city: a dame to kill for",2014,NA,NA
"frantz",2017,NA,NA
"freedom",2014,NA,14500000
"free fire",2017,1e+07,10000000
"freeheld",2015,7e+06,7000000
"freelance",2015,NA,455000
"free state of jones",2016,5e+07,50000000
"free the nipple",2014,NA,937000
"free to play",2014,NA,150000
"french gigolo (cliente)",2014,NA,NA
"french women",2014,NA,5000000
"friend request",2016,NA,9900000
"friend request",2017,NA,NA
"from afar",2016,NA,NA
"from the land of the moon",2016,NA,10300000
"from the land of the moon",2017,NA,NA
"full out",2015,NA,1500000
"furious 7",2015,1.9e+08,190000000
"fury",2014,8e+07,68000000
"fury (2014)",2014,NA,NA
"gabbar is back",2015,NA,11000000
"gabrielle (2014)",2014,NA,NA
"gangnam 1970",2015,NA,NA
"garden lovers",2014,NA,460000
"gemma bovery",2014,NA,9700000
"gemma bovery",2015,NA,NA
"genius",2016,1.7e+07,NA
"gentleman",2016,NA,NA
"geostorm",2017,1e+08,NA
"get a job",2016,NA,8000000
"get hard",2015,4e+07,40000000
"get on up",2014,3e+07,NA
"get out",2017,5e+06,5000000
"gett: the trial of viviane amsalem",2015,NA,NA
"ghostbusters",2016,1.44e+08,144000000
"ghostbusters (2016)",2016,NA,NA
"ghost in the shell",2017,1.1e+08,110000000
"ghost in the shell (2017)",2017,NA,NA
"ghost in the shell: the new movie",2015,NA,NA
"gifted",2017,NA,7000000
"girl asleep",2016,NA,1150118
"girlhood (2015)",2015,NA,NA
"girlhouse",2014,NA,3150000
"girl on a bicycle",2014,NA,NA
"girls trip",2017,2.8e+07,NA
"gladiators of rome",2014,NA,NA
"gloria (2014)",2014,NA,NA
"glory (2017)",2017,NA,NA
"go away mr. tumor",2015,NA,NA
"god help the girl",2014,NA,NA
"god of war",2017,NA,25000000
"gods",2014,NA,2000000
"god's not dead",2014,NA,17000000
"god’s not dead",2014,1150000,NA
"god's not dead 2",2016,NA,5000000
"god’s not dead 2",2016,5e+06,NA
"gods of egypt",2016,1.4e+08,140000000
"god's own country",2017,NA,NA
"god's pocket",2014,NA,NA
"godzilla",2014,1.6e+08,160000000
"godzilla (2014)",2014,NA,NA
"going in style",2017,2.4e+07,25000000
"going in style (2017)",2017,NA,NA
"gold",2016,NA,20000000
"gold",2017,NA,NA
"gone girl",2014,6.1e+07,61000000
"goodbye mr. loser",2015,NA,NA
"goodbye to language",2014,NA,NA
"good guys go to heaven, bad guys go to pattaya",2016,NA,5402000
"good kill",2015,NA,NA
"goodnight mommy",2015,NA,NA
"good time",2017,NA,NA
"goosebumps",2015,5.8e+07,58000000
"gore, quebec",2014,NA,7000
"grace of monaco",2014,NA,30000000
"graduation",2016,NA,2000000
"graduation",2017,NA,NA
"grandma",2015,NA,600000
"grandma (2015)",2015,NA,NA
"greater",2016,9e+06,NA
"green room",2016,5e+06,5000000
"grimsby",2016,NA,35000000
"guardian angel",2014,NA,NA
"guardians",2017,NA,7000000
"guardians of the galaxy",2014,1.7e+08,170000000
"guardians of the galaxy vol 2",2017,2e+08,NA
"guardians of the galaxy vol. 2",2017,NA,200000000
"guernica",2016,NA,6229577
"gueros",2015,NA,NA
"guppy",2016,NA,600000
"hacker",2016,NA,2000000
"hacksaw ridge",2016,4e+07,40000000
"haider",2014,NA,NA
"hail, caesar!",2016,2.2e+07,22000000
"half of a yellow sun",2014,NA,NA
"hamari adhuri kahani",2015,NA,NA
"hands of stone",2016,2e+07,20000000
"handsome devil",2017,NA,1050000
"hannibal buress: live from chicago",2014,NA,300000
"happy death day",2017,5e+06,NA
"happy end",2017,NA,NA
"happy ending",2014,NA,NA
"happy new year",2014,NA,25000000
"hardcore henry",2015,NA,10000000
"hardcore henry",2016,2e+06,NA
"harry & snowman",2016,NA,NA
"hasee toh phasee",2014,NA,NA
"hateship loveship",2014,NA,NA
"have fun, vasya!",2017,NA,707503
"hazlo como hombre (do it like an hombre)",2017,NA,NA
"heart of a dog",2015,NA,NA
"heaven is for real",2014,1.2e+07,12000000
"heaven knows what",2015,NA,NA
"hector and the search for happiness",2014,NA,NA
"heist",2015,NA,8900000
"heist (2015)",2015,NA,NA
"helios",2015,NA,25784494
"hello, my name is doris",2015,NA,1000000
"hello, my name is doris",2016,NA,NA
"hell or high water",2016,1.2e+07,12000000
"he named me malala",2015,NA,NA
"heneral luna",2015,NA,NA
"her",2014,2.3e+07,NA
"hercules",2014,1e+08,100000000
"hercules (2014)",2014,NA,NA
"hero (2015)",2015,NA,NA
"heropanti",2014,NA,4200000
"he's a dragon",2015,NA,18000000
"he who dares",2014,NA,1000000
"hidden figures",2016,2.5e+07,25000000
"high-rise",2016,NA,NA
"high strung (2016)",2016,NA,NA
"highway (2014)",2014,NA,NA
"hillary's america: the secret history of the democratic party",2016,NA,5000000
"hillary’s america: the secret history of the democratic party",2016,5e+06,NA
"hillsong - let hope rise",2016,NA,NA
"hippocrates, diary of a french doctor",2015,NA,NA
"hitchcock/truffaut",2015,NA,NA
"hitman: agent 47",2015,3.5e+07,35000000
"hits",2014,NA,1000000
"hockney",2016,NA,NA
"holiday (2014)",2014,NA,NA
"hollidaysburg",2014,NA,600000
"home",2015,1.3e+08,135000000
"home (2015)",2015,NA,NA
"home again",2017,1.5e+07,NA
"home sweet hell",2015,NA,3000000
"honeymoon",2014,NA,1000000
"hoovey",2015,NA,2
"horns",2014,NA,NA
"horoscope for good luck",2015,NA,2800000
"horrible bosses 2",2014,4e+07,42000000
"#horror",2015,NA,1500000
"horses of god",2014,NA,NA
"hostiles",2017,NA,NA
"hotel transylvania 2",2015,8e+07,80000000
"hot pursuit",2015,3.5e+07,35000000
"hot tub time machine 2",2015,1.4e+07,14000000
"housefull 3",2016,NA,NA
"howards end (2016 restoration)",2016,NA,NA
"how to be a latin lover",2017,1e+07,NA
"how to be single",2016,3.7e+07,38000000
"how to let go of the world and love all the things climate can't change",2016,NA,1600000
"how to train your dragon 2",2014,1.45e+08,145000000
"human",2015,NA,13000000
"human capital",2014,NA,6000000
"human capital",2015,NA,NA
"human flow",2017,NA,NA
"humpty sharma ki dulhania",2014,NA,NA
"hungry hearts",2015,NA,NA
"hunt for the wilderpeople",2016,2500000,NA
"hypernormalisation",2016,NA,36501
"i",2015,NA,16000000
"i (2015)",2015,NA,NA
"i am eleven",2014,NA,NA
"i am not madame bovary",2016,NA,NA
"i am not your negro",2017,NA,NA
"i am wrath",2016,NA,18000000
"i believe in miracles",2015,NA,768
"iboy",2017,NA,1500000
"i can quit whenever i want",2014,NA,2000000
"i can speak",2017,NA,NA
"ice age: collision course",2016,1.05e+08,105000000
"iceman (2014)",2014,NA,NA
"ida",2014,2600000,NA
"i, daniel blake",2017,NA,NA
"identicals",2015,NA,2004384
"if i stay",2014,1.1e+07,11000000
"i, frankenstein",2014,6.5e+07,65000000
"i'll see you in my dreams",2015,NA,NA
"ilo ilo",2014,NA,NA
"i'm not ashamed",2016,NA,1500000
"i’m not ashamed",2016,1500000,NA
"incarnate",2016,5e+06,5000000
"independence day: resurgence",2016,1.65e+08,165000000
"independents' day",2016,NA,500000
"indignation",2016,NA,NA
"indru netru naalai",2015,NA,620000
"in dubious battle",2017,NA,15000000
"inferno",2016,7.5e+07,75000000
"infinitely polar bear",2014,NA,6700000
"infinitely polar bear",2015,NA,NA
"ingrid bergman: in her own words",2015,NA,NA
"in harmony",2016,NA,NA
"inherent vice",2014,2e+07,20000000
"in her name (au nom de ma fille)",2016,NA,NA
"inhumans",2017,NA,NA
"in order of disappearance",2014,NA,4161012
"in order of disappearance",2016,NA,NA
"in secret",2014,NA,NA
"inside out",2015,1.75e+08,175000000
"insidious chapter 3",2015,1e+07,NA
"insidious: chapter 3",2015,NA,10000000
"insurgent",2015,NA,110000000
"interstellar",2014,1.65e+08,165000000
"in the basement",2015,NA,NA
"in the blood",2014,NA,10000000
"in the crosswind",2014,NA,650000
"in the forests of siberia",2016,NA,3500000
"in the heart of the sea",2015,1e+08,100000000
"in the name of my daughter",2015,NA,NA
"in the shadow of women",2016,NA,NA
"in this corner of the world",2017,NA,NA
"into the grizzly maze",2015,NA,10000000
"into the storm",2014,5e+07,50000000
"into the woods",2014,56200000,50000000
"in your eyes",2014,NA,1000000
"i origins",2014,1e+06,NA
"ip man 3",2015,NA,36000000
"ip man 3",2016,NA,NA
"iris (2015)",2015,NA,NA
"irrational man",2015,NA,11000000
"irudhi suttru",2016,NA,300000
"i saw the light",2016,NA,13000000
"island of lemurs: madagascar (imax)",2014,NA,NA
"i smile back",2015,NA,NA
"it",2017,3.5e+07,NA
"i.t.",2016,NA,13000000
"italiano medio",2015,NA,1816720
"it comes at night",2017,5e+06,5000000
"it follows",2015,2e+06,2000000
"ithaca",2015,NA,5000000
"i, tonya",2017,1.1e+07,NA
"it's all good",2016,NA,75000
"it's all so quiet (boven is het stil)",2015,NA,NA
"ixcanul",2016,NA,NA
"jack and the cuckoo-clock heart",2014,NA,NA
"jackie",2016,9e+06,9000000
"jackpot",2014,NA,NA
"jack reacher: never go back",2016,6e+07,60000000
"jack ryan: shadow recruit",2014,6e+07,60000000
"jack strong",2014,NA,3335702
"jafar panahi's taxi",2015,NA,NA
"jai gangaajal",2016,NA,1500000
"jai ho",2014,NA,NA
"james cameron's deepsea challenge 3d",2014,NA,NA
"jane (2017)",2017,NA,NA
"jane got a gun",2016,2.5e+07,25000000
"janis: little girl blue",2015,NA,NA
"jason bourne",2016,1.2e+08,120000000
"jauja",2015,NA,NA
"jeepers creepers 3",2017,NA,NA
"jem and the holograms",2015,5e+06,5000000
"jenny's wedding",2015,NA,NA
"jersey boys",2014,4e+07,40000000
"jersey shore massacre",2014,NA,1400000
"jeruzalem",2016,NA,NA
"jessabelle",2014,NA,NA
"jigarthanda",2014,NA,1600000
"jigsaw",2017,1e+07,NA
"jill and joy",2014,NA,2100000
"jimi: all is by my side",2014,5e+06,NA
"jimmy's hall",2015,NA,NA
"jimmy vestvood: amerikan hero",2016,NA,2500000
"jingle all the way 2",2014,NA,5000000
"jìyì dàshī",2017,2e+07,NA
"joe",2014,4e+06,4000000
"joe (2014)",2014,NA,NA
"john wick",2014,3e+07,20000000
"john wick: chapter 2",2017,NA,40000000
"john wick: chapter two",2017,4e+07,NA
"jolly llb 2",2017,NA,NA
"journey to the west",2014,NA,NA
"journey to the west: the demons strike back",2017,NA,NA
"joy",2015,6e+07,60000000
"judwaa 2",2017,NA,NA
"julieta",2016,NA,1490000
"jumanji: welcome to the jungle",2017,9e+07,NA
"junior",2014,NA,8358460
"jupiter ascending",2015,1.79e+08,176000003
"jurassic world",2015,2.15e+08,150000000
"just a sigh",2014,NA,NA
"just getting started",2017,2.2e+07,NA
"justice league",2017,3e+08,NA
"justice league: throne of atlantis",2015,NA,3500000
"justice league: war",2014,NA,3500000
"just jim",2015,NA,400000
"kaabil",2017,NA,5200000
"kabali",2016,NA,18700000
"kahlil gibran's the prophet",2015,NA,NA
"kahlil gibran's the prophet (gathr)",2015,NA,NA
"kaili blues",2016,NA,NA
"kammatipaadam",2016,NA,1500000
"kano",2014,NA,7
"kapoor & sons - since 1921",2016,NA,NA
"kaptaan",2016,NA,NA
"karbala",2015,NA,3200000
"katti batti",2015,NA,NA
"katyar kaljat ghusali",2015,NA,1500000
"keanu",2016,1.5e+07,15000000
"kedi",2017,NA,NA
"keeping up with the joneses",2016,NA,40000000
"kevin hart: what now?",2016,1e+07,NA
"khoobsurat",2014,NA,NA
"kick",2014,NA,22000000
"kickboxer: vengeance",2016,NA,17000000
"kidnap",2017,2.1e+07,21000000
"kidnap (2017)",2017,NA,NA
"kidnapping, caucasian style",2014,NA,3500000
"ki & ka",2016,NA,NA
"kiki, love to love",2016,NA,NA
"kill me three times",2015,NA,NA
"kill switch",2017,NA,1000000
"kill the messenger",2014,5e+06,5000000
"kindergarten teacher",2015,NA,NA
"king arthur: legend of the sword",2017,1.75e+08,175000000
"kingdom come",2014,NA,3000000
"kingsglaive: final fantasy: xv",2016,NA,NA
"kingsman: the golden circle",2017,1.04e+08,NA
"kingsman: the secret service",2015,9.4e+07,81000000
"klown forever",2016,NA,NA
"knight of cups",2016,NA,NA
"knock knock",2015,NA,2500000
"kóblic",2016,NA,3500000
"kochadaiiyaan",2014,NA,NA
"kong: skull island",2017,1.85e+08,185000000
"krampus",2015,1.5e+07,15000000
"kristy",2014,NA,6900000
"kubo and the two strings",2016,5.5e+07,60000000
"kumiko, the treasure hunter",2015,NA,NA
"kung fu jungle",2014,NA,25000000
"kung fu killer",2015,NA,NA
"kung fu panda 3",2016,1.4e+08,145000000
"kung fury",2015,NA,630019
"kung fu yoga",2017,NA,65000000
"labor day",2014,1.8e+07,NA
"labyrinth of lies",2015,NA,NA
"ladrones",2015,NA,NA
"lady bird",2017,1e+07,NA
"lady macbeth",2017,NA,NA
"lady of csejte",2015,NA,2000000
"laggies",2014,NA,NA
"lake bodom",2016,NA,1100000
"la la land",2016,2e+07,30000000
"landmine goes click",2015,NA,1000000
"land of mine",2015,NA,5070773
"land of mine",2016,NA,NA
"lapland odyssey 2",2015,NA,1730000
"la sapienza",2015,NA,NA
"last cab to darwin",2016,NA,NA
"last flag flying",2017,NA,NA
"late bloomer",2016,NA,1600000
"latitudes",2014,NA,670
"l'attesa",2016,NA,NA
"lazer team",2016,NA,2480421
"lbj",2017,2e+07,NA
"league of gods",2016,NA,38000000
"leap!",2017,NA,NA
"learning to drive",2015,NA,NA
"leave the world behind",2014,NA,750000
"le chef",2014,NA,NA
"le crocodile du botswanga",2014,NA,10916704
"left behind",2014,1.6e+07,16000000
"left behind (2014)",2014,NA,NA
"legend",2015,2.5e+07,25000000
"legends of oz: dorothy's return",2014,NA,NA
"legends of oz: dorothy’s return",2014,7e+07,NA
"les cowboys",2016,NA,NA
"let's be cops",2014,NA,17000000
"let’s be cops",2014,1.7e+07,NA
"let's get married",2015,NA,NA
"let's kill ward's wife",2014,NA,5000000
"letters from baghdad",2017,NA,NA
"leviathan (2014)",2014,NA,NA
"le week-end",2014,NA,NA
"liar, liar, vampire",2015,NA,3500000
"life",2015,NA,12000000
"life",2017,5.8e+07,58000000
"life (2017)",2017,NA,NA
"life after beth",2014,NA,2400000
"life, animated",2016,NA,NA
"life in a fishbowl",2014,NA,2700000
"life of a king",2014,NA,NA
"life of crime",2014,NA,NA
"life of riley",2014,NA,NA
"life's a breeze",2014,NA,NA
"lights out",2016,5e+06,4900000
"like crazy (2017)",2017,NA,NA
"like father, like son (2014)",2014,NA,NA
"like for likes",2016,NA,NA
"lila & eve",2015,NA,NA
"lila lila",2014,NA,NA
"lilting",2014,NA,NA
"lion",2016,1.2e+07,12000000
"listen to me marlon",2015,NA,NA
"listen up philip",2014,NA,NA
"little boy",2015,2e+07,20000000
"little men (2016)",2016,NA,NA
"little wing",2016,NA,1000000
"little witch academia: the enchanted parade",2015,NA,625
"live by night",2016,6.5e+07,108000000
"living is easy with eyes closed",2014,NA,NA
"lo and behold, reveries of the connected world",2016,NA,NA
"locke",2014,NA,2000000
"logan",2017,1.27e+08,97000000
"logan lucky",2017,2.9e+07,NA
"loham",2015,NA,1050255
"lolo",2016,NA,NA
"london has fallen",2016,6e+07,60000000
"look who's back",2015,NA,3196621
"l.o.r.d: legend of ravaging dynasties",2016,NA,NA
"lost in hong kong",2015,NA,NA
"lost in munich",2015,NA,1509896
"lost in paris",2017,NA,NA
"lost in the sun",2015,NA,25000
"lost river",2015,NA,2000000
"loucas pra casar",2015,NA,3000000
"louder than bombs",2015,NA,11000000
"louder than bombs",2016,NA,NA
"love",2015,NA,3000000
"love (2015)",2015,NA,NA
"love and lost (shi gu)",2015,NA,NA
"love finds you in valentine",2016,NA,1000000
"love forecast",2015,NA,NA
"love & friendship",2016,NA,3000000
"love is in the air",2014,NA,NA
"love is strange",2014,NA,NA
"love, lies",2016,NA,120
"love live! the school idol movie",2015,NA,NA
"love & mercy",2015,NA,NA
"love on the cloud (wei ai)",2014,NA,NA
"love, rosie",2015,NA,NA
"love the coopers",2015,1.8e+07,17000000
"love thy nature",2015,NA,NA
"loving",2016,9e+06,9000000
"loving vincent",2017,NA,NA
"lowriders",2017,916000,916000
"lucid dream",2017,NA,5000000
"luck-key",2016,NA,NA
"lucky (2017)",2017,NA,NA
"lucy",2014,4e+07,40000000
"lupin the 3rd",2014,NA,10500000
"lusers",2015,NA,2000000
"macbeth",2015,NA,15000000
"macbeth (2015)",2015,NA,NA
"madame bovary",2015,NA,NA
"mad max: fury road",2015,1.5e+08,150000000
"maggie",2015,NA,4000000
"maggie's plan",2016,NA,NA
"magic in the moonlight",2014,NA,16800000
"magic mike xxl",2015,14500000,14800000
"magnus",2016,NA,NA
"main tera hero",2014,NA,NA
"make your move",2014,NA,NA
"maleficent",2014,1.8e+08,180000000
"ma ma",2016,NA,NA
"mamaboy",2017,NA,700000
"manchester by the sea",2016,8500000,9000000
"manglehorn",2015,NA,4000000
"manifesto",2017,NA,10000
"manjhi the mountain man",2015,NA,1230000
"man vs.",2015,NA,1500000
"maps to the stars",2015,NA,NA
"marauders",2016,NA,15000000
"marguerite",2016,NA,NA
"marie's story",2015,NA,NA
"marius",2014,NA,NA
"marjorie prime",2017,NA,NA
"mark felt: the man who brought down the white house",2017,NA,NA
"marshall",2017,1.2e+07,NA
"marshland",2014,NA,4000000
"mary kom",2014,NA,224056
"mascots",2016,NA,20000000
"mas negro que la noche",2014,NA,NA
"master",2016,NA,NA
"masterminds",2016,NA,25000000
"masterminds (2016)",2016,NA,NA
"mastizaade",2016,NA,NA
"maudie",2017,NA,NA
"max",2015,2e+07,20000000
"max (2015)",2015,NA,NA
"max & leon",2016,NA,12156348
"max & leon",2017,NA,NA
"max steel",2016,1e+07,10000000
"may god forgive us",2016,NA,4000000
"may in the summer",2014,NA,NA
"maze runner: the scorch trials",2015,6.1e+07,61000000
"mcfarland, usa",2015,1.7e+07,NA
"me and earl and the dying girl",2015,8e+06,NA
"me before you",2016,2e+07,20000000
"mechanic: resurrection",2016,4e+07,40000000
"mediterranea",2015,NA,NA
"meet the blacks",2016,9e+05,NA
"meet the mormons",2014,2e+06,NA
"mei ren yu",2016,60720000,NA
"memoir of a murderer",2017,NA,NA
"memories of the sword",2015,NA,NA
"men & chicken",2016,NA,NA
"men, women and children",2014,1.6e+07,NA
"men, women & children",2014,NA,NA
"mia madre",2016,NA,NA
"microbe & gasoline",2016,NA,NA
"middle school: the worst years of my life",2016,8500000,8500000
"midnight special",2016,1.8e+07,18000000
"midnight sun",2014,NA,18000000
"mike and dave need wedding dates",2016,3.3e+07,33000000
"miles ahead",2016,NA,NA
"million dollar arm",2014,2.5e+07,25000000
"mindgamers",2015,NA,22800000
"minions",2015,7.4e+07,74000000
"miracles from heaven",2016,1.3e+07,16000000
"miraculum",2014,NA,4600000
"misconduct",2016,NA,11000000
"miss hokusai",2016,NA,NA
"mission: impossible - rogue nation",2015,NA,150000000
"mission: impossible—rogue nation",2015,1.5e+08,NA
"mississippi grind",2015,NA,NA
"miss julie",2014,NA,5500000
"miss meadows",2014,NA,2000000
"miss peregrine's home for peculiar children",2016,NA,110000000
"miss peregrine’s home for peculiar children",2016,1.1e+08,NA
"miss sloane",2016,1.8e+07,13000000
"miss you already",2015,NA,NA
"mistress america",2015,NA,NA
"mixed feelings",2014,NA,2000000
"moana",2016,1.5e+08,150000000
"mohenjo daro",2016,NA,15050000
"mojave",2016,NA,NA
"mojin: the lost legend",2015,NA,37000000
"molly's game",2017,NA,NA
"molly’s game",2017,3e+07,NA
"momentum",2015,NA,20000000
"mommy",2014,NA,4900000
"mommy",2015,4900000,NA
"moms' night out",2014,NA,5000000
"moms’ night out",2014,5e+06,NA
"money monster",2016,2.7e+07,27000000
"monkey kingdom",2015,NA,NA
"monkey king: hero is back",2015,NA,10000000
"monster hunt",2015,NA,40000000
"monster hunt",2016,NA,NA
"monster trucks",2016,NA,125000000
"monster trucks",2017,1.25e+08,NA
"mood indigo",2014,NA,NA
"moomins on the riviera",2014,NA,4700000
"moonlight",2016,1500000,4000000
"moonlight (2016)",2016,NA,NA
"morgan",2016,8e+06,8000000
"morning star",2014,NA,3000000
"mortdecai",2015,6e+07,60000000
"moscow never sleeps",2017,NA,NA
"mother!",2017,3e+07,NA
"mother's day",2016,NA,25000000
"mother’s day",2016,2.5e+07,NA
"mountains may depart",2016,NA,NA
"mr. church",2016,NA,8000000
"mr. gaga: a true story of love and dance",2017,NA,NA
"mr. holmes",2015,NA,NA
"mr. peabody & sherman",2014,1.45e+08,145000000
"mr. pip",2014,NA,NA
"mr. right",2016,NA,8000000
"mrs. brown's boys d'movie",2014,NA,5900000
"mr. six",2015,NA,NA
"mr. turner",2014,1.4e+07,NA
"mr. x",2015,NA,NA
"m.s. dhoni: the untold story",2016,NA,NA
"mubarakan",2017,NA,NA
"muffin top: a love story",2014,NA,1100000
"munna michael",2017,NA,NA
"muppets most wanted",2014,5.5e+07,50000000
"murder on the orient express",2017,5.5e+07,NA
"murder on the orient express (2017)",2017,NA,NA
"mustang",2015,1400000,1300000
"musudan",2016,NA,500
"my all american",2015,NA,20000000
"my all-american",2015,2e+07,NA
"my annoying brother",2016,NA,NA
"my bakery in brooklyn",2016,NA,3800000
"my best friend's wedding (2016)",2016,NA,NA
"my big fat greek wedding 2",2016,1.8e+07,18000000
"my big night",2015,NA,4000000
"my cousin rachel",2017,NA,NA
"my golden days",2016,NA,NA
"my good hans",2015,NA,3500000
"my king (mon roi)",2016,NA,NA
"my life as a zucchini",2016,NA,8000000
"my life as a zucchini",2017,NA,NA
"my little pony: the movie",2017,NA,NA
"my love, don't cross that river",2016,NA,NA
"my old lady",2014,NA,5000000
"my scientology movie",2017,NA,NA
"naam hai akira",2016,NA,NA
"na maloom afraad",2014,NA,884130
"napping princess",2017,NA,NA
"narcopolis",2015,NA,1500000
"nasty baby",2015,NA,NA
"need for speed",2014,6.6e+07,66000000
"neerja",2016,NA,10721568
"neighbors",2014,1.8e+07,18000000
"neighbors 2: sorority rising",2016,3.5e+07,35000000
"neither heaven nor earth",2016,NA,NA
"neon bull",2016,NA,1500000
"neruda",2016,NA,NA
"nerve",2016,2e+07,19000000
"news from planet mars",2016,NA,NA
"new york, new york (2016)",2016,NA,NA
"next time i'll aim for the heart",2014,NA,5100000
"next time i'll aim for the heart",2016,NA,NA
"night at the museum: secret of the tomb",2014,1.27e+08,127000000
"nightcrawler",2014,8500000,8500000
"night guards",2016,NA,3800000
"night moves",2014,NA,NA
"night of something strange",2016,NA,40000
"night of the living dead: darkest dawn",2015,NA,750000
"night of the living deb",2015,NA,2000000
"nine lives",2016,NA,30000000
"nine lives (2016)",2016,NA,NA
"noah",2014,1.3e+08,125000000
"noble",2015,NA,NA
"nocturnal animals",2016,22500000,22500000
"no escape",2015,5e+06,5000000
"no good deed",2014,13200000,13200000
"no good deed (2014)",2014,NA,NA
"no letting go",2016,NA,500000
"noma - my perfect storm",2015,NA,NA
"no manches frida",2016,NA,NA
"non-stop",2014,5e+07,50000000
"no one's life is easy: so i married an anti-fan",2016,NA,NA
"norm of the north",2016,1.8e+07,18000000
"northern limit line",2015,NA,NA
"northern soul",2015,NA,NA
"no tears for the dead",2014,NA,NA
"no thanks",2014,NA,1600000
"now you see me 2",2016,9e+07,90000000
"nymphomaniac: volume i",2014,NA,NA
"nymphomaniac: volume ii",2014,NA,NA
"oasis: supersonic",2016,NA,NA
"obvious child",2014,1e+06,NA
"october 1",2014,NA,2
"oculus",2014,5e+06,NA
"ode to my father",2014,NA,NA
"office christmas party",2016,4.5e+07,45000000
"of horses and men",2015,NA,NA
"ohm shanthi oshaana",2014,NA,220000
"o kadhal kanmani",2015,NA,940000
"okja",2017,NA,50000000
"ok jaanu",2017,NA,NA
"omar",2014,NA,NA
"one chance",2014,NA,NA
"one eyed girl",2014,NA,1000000
"one man and his cow",2015,NA,5300000
"one minute time machine",2014,NA,1000
"one piece film: gold",2017,NA,NA
"one week and a day",2017,NA,NA
"only for one night",2016,NA,3500000
"only lovers left alive",2014,NA,NA
"only the brave",2017,3.8e+07,NA
"only yesterday (2016 re-release)",2016,NA,NA
"only you",2015,NA,NA
"on my way",2014,NA,NA
"on the brain",2016,NA,10
"on the other side of the tracks",2014,NA,NA
"on the way to school",2015,NA,NA
"ooops! noah is gone...",2015,NA,6000000
"open windows",2014,NA,NA
"operações especiais",2015,NA,6000000
"operation avalanche",2016,NA,1000000
"operation chromite",2016,12700000,NA
"operation mekong",2016,NA,NA
"orleans",2015,NA,2500000
"oro",2017,NA,NA
"o shaolin do sertão",2016,NA,2000000
"ouija",2014,5e+06,5000000
"ouija: origin of evil",2016,9e+06,9000000
"our brand is crisis",2015,2.8e+07,28000000
"our brand is crisis (2015)",2015,NA,NA
"our kind of traitor",2016,NA,NA
"our last tango",2016,NA,NA
"our little sister",2016,NA,NA
"our lovers",2016,NA,1400000
"our president",2017,NA,NA
"out 1, noli me tangere",2015,NA,NA
"outcast",2014,NA,25000000
"out of nature",2014,NA,950000
"overdrive",2017,NA,NA
"ozzy",2016,NA,10000000
"paddington",2014,NA,55000000
"paddington",2015,5.5e+07,NA
"palm trees in the snow",2015,NA,10000000
"palo alto",2014,1e+06,NA
"pan",2015,1.5e+08,150000000
"papa: hemingway in cuba",2016,NA,NA
"papa (luo shan ji dao dan ji hua)",2016,NA,NA
"paper towns",2015,1.2e+07,12000000
"paranormal activity: the ghost dimension",2015,1e+07,10000000
"paranormal activity: the marked ones",2014,5e+06,5000000
"parched",2015,NA,2700000
"paris can wait",2016,NA,5000000
"paris can wait",2017,NA,NA
"parts per billion",2014,NA,500000
"passengers",2016,1.1e+08,110000000
"passengers (2016)",2016,NA,NA
"paterson",2016,5e+06,5000000
"patriots day",2016,4e+07,45000000
"patti cake$",2017,1e+06,NA
"paul blart: mall cop 2",2015,3.8e+07,38000000
"paulette",2015,NA,NA
"pawn sacrifice",2015,NA,19000000
"peace code",2014,NA,1500000
"pearl button",2015,NA,NA
"peggy guggenheim art addict",2015,NA,NA
"pele: birth of a legend",2016,NA,NA
"pelli choopulu",2016,NA,200000
"penguins of madagascar",2014,1.32e+08,132000000
"people places things",2015,NA,NA
"personal shopper",2016,NA,6000000
"personal shopper",2017,NA,NA
"pete's dragon",2016,NA,65000000
"pete’s dragon",2016,6.5e+07,NA
"pete's dragon (2016)",2016,NA,NA
"phantom (2015)",2015,NA,NA
"phantom boy",2016,NA,NA
"phantom detective",2016,NA,NA
"phantom of the theatre",2016,NA,NA
"phantom thread",2017,NA,NA
"phillauri",2017,NA,NA
"phoenix (2015)",2015,NA,NA
"phoenix forgotten",2017,NA,2800000
"piku",2015,NA,5500000
"pink",2016,NA,75000000
"pioneer",2014,NA,NA
"pioneer heroes",2015,NA,500000
"pirates of the caribbean: dead men tell no tales",2017,2.3e+08,230000000
"pitch perfect 2",2015,2.9e+07,29000000
"pitch perfect 3",2017,4.5e+07,NA
"pixels",2015,9e+07,88000000
"pk",2014,NA,13000000
"p.k.",2014,NA,NA
"plague",2014,NA,200000
"planes: fire and rescue",2014,5e+07,NA
"planes: fire & rescue",2014,NA,50000000
"plastic",2014,NA,10
"plot for peace",2014,NA,NA
"point break",2015,1e+08,105000000
"point break (2015)",2015,NA,NA
"pokémon the movie: diancie and the cocoon of destruction",2014,NA,24720400
"pokémon the movie: hoopa and the clash of ages",2015,NA,150000000
"pokemon the movie: i choose you!",2017,NA,NA
"policeman",2014,NA,NA
"poltergeist",2015,3.5e+07,35000000
"poltergeist (2015)",2015,NA,NA
"pompeii",2014,8e+07,130000000
"pop aye",2017,NA,NA
"popstar: never stop never stopping",2016,2e+07,NA
"porta dos fundos: contrato vitalício",2016,NA,840000
"porto",2017,NA,NA
"port of call",2015,NA,5000000
"poster boys",2017,NA,NA
"postman pat: the movie",2014,NA,NA
"pound of flesh",2015,NA,7500000
"power rangers",2017,1.2e+08,100000000
"power rangers (2017)",2017,NA,NA
"precious cargo",2016,NA,10500000
"predestination",2014,NA,5500000
"predestination",2015,NA,NA
"préjudice",2015,NA,2800000
"premam",2015,NA,6200000
"prem ratan dhan payo",2015,NA,23400000
"presidentintekijät",2014,NA,200000
"pride (2014)",2014,NA,NA
"pride and prejudice and zombies",2016,2.8e+07,28000000
"project almanac",2015,1.2e+07,12000000
"pro wrestlers vs zombies",2014,NA,230000
"pure pwnage: teh movie",2016,NA,220093
"pyaar ka punchnama 2",2015,NA,NA
"queen and country",2015,NA,NA
"queen of earth",2015,NA,NA
"queen of katwe",2016,NA,15000000
"queen of spades: the dark rite",2015,NA,1000000
"queen of the desert",2015,NA,15000000
"que horas ela volta?",2015,1200000,NA
"quo vado?",2016,NA,10000000
"rabin, the last day",2015,NA,4600000
"race",2016,5e+06,5000000
"race (2016)",2016,NA,NA
"rage",2014,NA,21000000
"ragnarok",2014,NA,NA
"railroad tigers",2016,NA,50000000
"railroad tigers",2017,NA,NA
"raising the bar",2016,NA,600000
"raja natwarlal",2014,NA,5
"raman raghav 2.0",2016,NA,521873
"rams (hrútar)",2016,NA,NA
"ran (2016 re-issue)",2016,NA,NA
"rangoon",2017,NA,12003848
"raspberry boat refugee",2014,NA,3200000
"ratchet and clank",2016,2e+07,NA
"ratchet & clank",2016,NA,20000000
"ratter",2015,NA,500000
"raw",2016,NA,3500000
"raw (2017)",2017,NA,NA
"reach me",2014,NA,5000000
"realive",2016,NA,7000000
"reasonable doubt",2014,NA,8000000
"rec 4: apocalypse",2015,NA,NA
"red army",2015,NA,NA
"redirected",2014,NA,2700000
"redistributors",2016,NA,500000
"red knot",2014,NA,80
"red nose day actually",2017,NA,4000000
"regression",2016,NA,NA
"regular show: the movie",2015,NA,3000000
"re-kill",2015,NA,9500000
"remember (canada release)",2015,NA,NA
"remember (us release)",2016,NA,NA
"remember you",2016,NA,NA
"reminiscence",2014,NA,500000
"repentance",2014,NA,5000000
"resident evil: the final chapter",2016,NA,40000000
"resident evil: the final chapter",2017,4e+07,NA
"retribution",2015,NA,4000000
"return to the hiding place",2014,NA,NA
"reunion",2015,NA,1432960
"revenge of the green dragons",2014,NA,5000000
"ricki and the flash",2015,1.8e+07,18000000
"ride along",2014,2.5e+07,25000000
"ride along 2",2016,4e+07,40000000
"right now, wrong then",2016,NA,NA
"rigor mortis",2014,NA,NA
"rings",2017,2.5e+07,25000000
"rio 2",2014,1.3e+08,103000000
"rio, i love you",2016,NA,NA
"riphagen",2016,NA,2300000
"rise",2014,NA,446000
"risen",2016,2e+07,20000000
"risto räppääjä ja liukas lennart",2014,NA,1300000
"road hard",2015,NA,1500000
"road to ninja - naruto the movie",2014,NA,NA
"robinson crusoe",2016,1.3e+07,13500000
"robocop",2014,1.2e+08,120000000
"robocop (2014)",2014,NA,NA
"robot overlords",2015,NA,21000000
"rock dog",2016,NA,60000000
"rock dog",2017,6e+07,NA
"rock the kasbah",2015,NA,15000000
"rogue one: a star wars story",2016,2e+08,200000000
"roman j. israel, esq.",2017,2.2e+07,NA
"room",2015,1.3e+07,6000000
"rosewater",2014,1e+07,NA
"rough night",2017,2e+07,20000000
"roukli",2015,NA,17973
"rudderless",2014,NA,5000000
"rules don't apply",2016,NA,25000000
"rules don’t apply",2016,26700000,NA
"run all night",2015,5e+07,50000000
"running man (2015)",2015,NA,NA
"rustom",2016,NA,1000000
"rv: resurrected victims",2017,NA,NA
"saala khadoos",2016,NA,NA
"sabotage",2014,3.5e+07,35000000
"sabotage (2014)",2014,NA,NA
"saint laurent",2015,NA,NA
"salut d'amour",2015,NA,NA
"samba",2014,NA,20000000
"samba",2015,NA,NA
"samurai cop 2: deadly vengeance",2015,NA,1500000
"samurai rauni",2016,NA,56000
"sanam teri kasam",2016,NA,NA
"san andreas",2015,1.1e+08,110000000
"satanic",2016,NA,NA
"saul fia",2015,1700000,NA
"sausage party",2016,1.9e+07,19000000
"saving mr. wu",2015,NA,NA
"schneider vs. bax",2015,NA,3000000
"score: a film music documentary",2017,NA,NA
"scouts guide to the zombie apocalypse",2015,1.5e+07,15000000
"search party",2014,NA,20000000
"search party",2016,NA,NA
"seasons",2016,NA,NA
"secret in their eyes",2015,2e+07,19500000
"security",2017,NA,15000000
"see you in montevideo",2014,NA,5400000
"self/less",2015,2.6e+07,26000000
"selma",2014,NA,20000000
"selma",2015,2e+07,NA
"seondal: the man who sells the river",2016,NA,NA
"serena",2015,NA,NA
"serial (bad) weddings",2014,NA,13000000
"serial killer 1",2015,NA,5290000
"serial killer 1",2016,NA,NA
"serial killer culture",2014,NA,50
"seventh son",2014,NA,95000000
"seventh son",2015,9.5e+07,NA
"sex tape",2014,4e+07,40000000
"seymour: an introduction",2015,NA,NA
"shaadi ke side effects",2014,NA,NA
"shaandaar",2015,NA,NA
"shamitabh",2015,NA,3700000
"shanghai",2015,NA,NA
"sharkansas women's prison massacre",2015,NA,600000
"shark lake",2015,NA,2000000
"sharktopus vs. whalewolf",2015,NA,6000000
"shaun the sheep",2015,2.5e+07,NA
"shaun the sheep movie",2015,NA,NA
"she's funny that way",2015,NA,NA
"shin godzilla",2016,NA,15000000
"shubh mangal saavdhan",2017,NA,NA
"shut in",2016,1e+07,10000000
"sicario",2015,3e+07,30000000
"siddharth",2014,NA,NA
"sieranevada",2016,NA,1488410
"silence",2016,46500000,46000000
"silence (2016)",2016,NA,NA
"sin city: a dame to kill for",2014,6.5e+07,65000000
"sing",2016,7.5e+07,75000000
"singham returns",2014,NA,NA
"singh is bling",2015,NA,NA
"sing street",2016,NA,4000000
"sinister 2",2015,1e+07,10000000
"sisters",2015,3e+07,30000000
"skin trade",2014,NA,9000000
"skin trade",2015,NA,NA
"skiptrace",2016,NA,32000000
"slack bay",2017,NA,NA
"sleeping with other people",2015,NA,NA
"sleepless",2017,NA,30000000
"sleight",2017,250000,NA
"slow west",2015,NA,NA
"smoke & mirrors",2016,NA,5000000
"smurfs: the lost village",2017,6e+07,60000000
"snatched",2017,4.2e+07,42000000
"sniper: ghost shooter",2016,NA,3000000
"snowden",2016,5e+07,40000000
"snow girl and the dark crystal",2015,NA,NA
"snowpiercer",2014,4e+07,NA
"snowtime!",2015,NA,12500000
"solace",2016,NA,NA
"some like it hot (qing shung)",2017,NA,NA
"something wicked",2014,NA,3000000
"somewhere only we know",2015,NA,NA
"song of the sea",2014,NA,NA
"song one",2014,NA,6000000
"song one",2015,NA,NA
"songs my brothers taught me",2016,NA,NA
"song to song",2017,NA,10000000
"son of god",2014,2.2e+07,22000000
"son of saul",2015,NA,1000000
"southpaw",2015,3e+07,30000000
"southside with you",2016,NA,NA
"so young 2: never gone",2016,NA,NA
"space cop",2016,NA,80000
"space dogs 2",2014,NA,6000000
"spanish affair",2014,NA,3000000
"spanish affair 2",2015,NA,4500000
"spare parts",2015,NA,NA
"special id",2014,NA,NA
"spectre",2015,3e+08,245000000
"spider-man: homecoming",2017,1.75e+08,NA
"spirits' homecoming",2016,NA,NA
"split",2016,NA,9000000
"split",2017,5e+06,NA
"spotlight",2015,2e+07,20000000
"spy",2015,NA,65000000
"spy!",2015,6.5e+07,NA
"stalingrad (2014)",2014,NA,NA
"stalked by my doctor",2015,NA,4000000
"stand by me doraemon",2014,NA,35000000
"standing tall",2015,NA,5000000
"standing tall (la tete haute)",2016,NA,NA
"standoff",2016,NA,8000000
"starred up",2014,NA,NA
"starship rising",2014,NA,3000000
"star trek beyond",2016,1.85e+08,185000000
"star wars ep. viii: the last jedi",2017,3.17e+08,NA
"star wars ep. vii: the force awakens",2015,3.06e+08,NA
"star wars: the force awakens",2015,NA,245000000
"star wars: the last jedi",2017,NA,NA
"stations of the cross",2015,NA,NA
"steak (r)evolution",2015,NA,NA
"step up all in",2014,NA,45000000
"steve jobs",2015,3e+07,30000000
"steve mcqueen: the man & le mans",2015,NA,NA
"still alice",2014,NA,5000000
"still alice",2015,5e+06,NA
"still life (2015)",2015,NA,NA
"stonewall",2015,NA,13500000
"stonewall (2015)",2015,NA,NA
"storks",2016,7e+07,70000000
"straight outta compton",2015,2.8e+07,28000000
"strange magic",2015,NA,NA
"strangerland",2015,NA,10000000
"stray dogs",2014,NA,NA
"stronger",2017,NA,NA
"stung",2015,NA,2500000
"st. vincent",2014,1.3e+07,13000000
"suburbicon",2017,NA,NA
"suburra",2015,NA,7000000
"suffragette",2015,1.4e+07,14000000
"suicide squad",2016,1.75e+08,175000000
"suite française",2014,NA,15000000
"sully",2016,6e+07,60000000
"sultan",2016,1.1e+07,10400000
"summertime (2016)",2016,NA,NA
"sundays",2015,NA,51237
"sunset song",2016,NA,NA
"sunshine superman",2015,NA,400000
"sunstroke",2014,NA,21000000
"suntan",2017,NA,NA
"superfast!",2015,NA,20000000
"surprise - journey to the west",2015,NA,NA
"survivor",2015,NA,20000000
"swat: unit 887",2015,NA,2000000
"sweet 20",2016,NA,NA
"sweet bean",2016,NA,NA
"sweet sixteen (xia you qiao mu)",2016,NA,NA
"swelter",2014,NA,8000000
"swiss army man",2016,3e+06,3000000
"sword art online: the movie - ordinal scale",2017,NA,NA
"sword master",2016,NA,NA
"sx_tape",2014,NA,600000
"t2 trainspotting",2017,NA,18000000
"t2: trainspotting",2017,1.8e+07,NA
"table 19",2017,5e+06,5000000
"tad the lost explorer and the secret of king midas",2017,NA,NA
"taken 3",2014,NA,48000000
"taken 3",2015,4.8e+07,NA
"taking earth",2017,NA,400000
"tale of tales",2015,NA,12000000
"tale of tales",2016,NA,NA
"tamasha",2015,NA,NA
"tammy",2014,2e+07,20000000
"tangerine",2015,NA,100000
"tangerines",2015,NA,NA
"tanu weds manu returns",2015,NA,NA
"tasting menu",2014,NA,NA
"tazza: the hidden card",2014,NA,NA
"te3n",2016,NA,5069632
"ted 2",2015,6.8e+07,68000000
"teenage mutant ninja turtles",2014,1.25e+08,125000000
"teenage mutant ninja turtles (2014)",2014,NA,NA
"teenage mutant ninja turtles: out of the shadows",2016,1.35e+08,135000000
"teleios",2017,NA,1000000
"terminator 2: judgment day 3d",2017,NA,NA
"terminator genisys",2015,NA,155000000
"terminator: genisys",2015,1.55e+08,NA
"term life",2016,NA,16500000
"testament of youth",2015,NA,NA
"tevar",2015,NA,NA
"thanks to my friends",2015,NA,NA
"thank you for your service",2017,2e+07,NA
"thank you for your service (2017)",2017,NA,NA
"that awkward moment",2014,8e+06,8000000
"that demon within",2014,NA,NA
"that sugar film",2015,NA,NA
"the 100-year old man who climbed out the window and disappeared",2015,NA,NA
"the 33",2015,2.5e+07,25000000
"the 5th wave",2016,3.8e+07,38000000
"the accountant",2016,4e+07,44000000
"the admiral: roaring currents",2014,NA,9500000
"the advocate: a missing body",2015,NA,NA
"the age of adaline",2015,3e+07,25000000
"the age of shadows",2016,NA,8620000
"the amazing catfish",2014,NA,NA
"the amazing spider-man 2",2014,2e+08,200000000
"the amityville terror",2016,NA,500000
"the angry birds movie",2016,7.3e+07,73000000
"the ardennes",2015,NA,2200000
"the ardennes",2017,NA,NA
"the ark of mr. chow",2015,NA,NA
"the assassin",2015,NA,15000000
"the assignment",2016,NA,5000000
"the attorney",2014,NA,NA
"the autopsy of jane doe",2016,NA,NA
"the avenue",2017,NA,42000
"the babadook",2014,2e+06,2000000
"the bachelor",2016,NA,480000
"the bad batch",2017,NA,6000000
"the bandit hound",2016,NA,3000000
"the bartender",2015,NA,2600000
"the battalion",2015,NA,10000000
"the battleship island",2017,NA,NA
"the beatles: eight days a week - the touring years",2016,NA,NA
"the beauty inside",2015,NA,NA
"the beguiled",2017,NA,10500000
"the beguiled (2017)",2017,NA,NA
"the bélier family",2014,NA,11000000
"the belko experiment",2016,NA,5000000
"the belko experiment",2017,5e+06,NA
"the best offer",2014,NA,NA
"the best of me",2014,2.6e+07,26000000
"the bfg",2016,1.4e+08,140000000
"the big short",2015,2.8e+07,28000000
"the big sick",2017,5e+06,NA
"the birth of a nation",2015,110000,NA
"the birth of a nation",2016,1e+07,8500000
"the black hole",2015,NA,800000
"the blue elephant",2014,NA,3500000
"the blue room",2014,NA,NA
"the book of henry",2017,NA,10000000
"the book of life",2014,5e+07,50000000
"the book of life (2014)",2014,NA,NA
"the boss",2016,2.9e+07,29000000
"the boss baby",2017,1.25e+08,125000000
"the bounce back",2016,3e+06,NA
"the boxcar children",2014,NA,5
"the boxtrolls",2014,6e+07,60000000
"the boy",2016,1e+07,10000000
"the boy (2016)",2016,NA,NA
"the boy and the beast",2016,NA,NA
"the boy next door",2015,4e+06,4000000
"the brand new testament",2015,NA,8555500
"the brand new testament",2016,NA,NA
"the breakup guru",2014,NA,NA
"the bride",2017,NA,1500000
"the bronx bull",2016,NA,7000000
"the bronze",2016,3500000,3500000
"the brothers grimsby",2016,3.5e+07,NA
"the bye bye man",2017,7400000,7400000
"the captive",2014,NA,NA
"the carer",2016,NA,NA
"the case for christ",2017,NA,NA
"the chambermaid",2015,NA,NA
"the childhood of a leader",2016,NA,3000000
"the choice",2016,NA,10000000
"the chronicles of evil",2015,NA,NA
"the circle",2017,1.8e+07,18000000
"the circle (2017)",2017,NA,NA
"the club",2016,NA,NA
"the comedian",2016,NA,15000000
"the commune",2017,NA,NA
"the confessions of thomas quick",2015,NA,1250000
"the conformist (2014 re-release)",2014,NA,NA
"the congress",2014,NA,NA
"the conjuring 2",2016,NA,40000000
"the conjuring 2: the enfield poltergeist",2016,4e+07,NA
"the connection",2014,NA,26000000
"the connection",2015,NA,NA
"the correspondence",2016,NA,10000000
"the country doctor",2017,NA,NA
"the crossing",2014,NA,40000000
"the curse of downers grove",2015,NA,2000000
"the cut",2014,NA,16000000
"the cut",2015,NA,NA
"the dance of reality",2014,NA,NA
"the danish girl",2015,NA,15000000
"the dark horse",2016,NA,NA
"the darkness",2016,4e+06,4000000
"the dark tapes",2017,NA,65000
"the dark tower",2017,6e+07,60000000
"the dark valley",2014,NA,6350000
"the daughter",2017,NA,NA
"the dawns here are quiet",2015,NA,3300000
"the days that confused",2016,NA,566000
"the day will come",2016,NA,4750000
"the dead lands",2015,NA,NA
"the dead room",2015,NA,1000000
"the decent one",2014,NA,NA
"the devil's hand",2014,NA,7000000
"the diary of a teenage girl",2015,2e+06,2000000
"the disappearance of eleanor rigby",2014,NA,NA
"the disappointments room",2016,1.5e+07,15000000
"the disaster artist",2017,NA,NA
"the divergent series: allegiant",2016,1.1e+08,NA
"the divergent series: insurgent",2015,1.1e+08,NA
"the divine move",2014,NA,NA
"the dog lover",2016,NA,2000000
"the double (2014)",2014,NA,NA
"the dragonphoenix chronicles: indomitable",2014,NA,14000
"the dressmaker",2015,NA,11930000
"the dressmaker",2016,11900000,NA
"the drop",2014,12600000,12600000
"the drunk",2014,NA,1000000
"the d train",2015,NA,447524
"the duel",2016,NA,10000000
"the duelist",2016,NA,12823507
"the duff",2015,8500000,8500000
"the duke of burgundy",2014,NA,1000000
"the duke of burgundy",2015,NA,NA
"the eagle huntress",2016,NA,NA
"theeb",2015,NA,NA
"the edge of seventeen",2016,9e+06,9000000
"the emoji movie",2017,5e+07,50000000
"the end of the tour",2015,NA,NA
"the equalizer",2014,5.5e+07,55000000
"the evil within",2017,NA,4000000
"the expendables 3",2014,1e+08,90000000
"the face of love",2014,4e+06,NA
"the falling",2014,NA,750000
"the family fang",2016,NA,NA
"the farewell party",2015,NA,NA
"the fate of the furious",2017,2.5e+08,250000000
"the fault in our stars",2014,1.2e+07,12000000
"the fencer",2017,NA,NA
"the finest hours",2016,7e+07,80000000
"the first monday in may",2016,NA,NA
"the florida project",2017,2e+06,NA
"the forbidden room",2015,NA,NA
"the forecaster",2015,NA,NA
"the foreigner",2017,3.5e+07,NA
"the forest",2016,1e+07,10000000
"the forgotten",2014,NA,1446950
"the fortress",2017,NA,NA
"the founder",2016,NA,25000000
"the founder",2017,1.5e+07,NA
"the french minister",2014,NA,NA
"the fury of a patient man",2016,NA,1200000
"the gallows",2015,1e+05,100000
"the gambler",2014,2.5e+07,25000000
"the games maker",2014,NA,6000000
"the german doctor",2014,NA,NA
"the gift",2015,5e+06,5000000
"the gift (2015)",2015,NA,NA
"the girl in the book",2015,NA,NA
"the girl on the train",2016,4.5e+07,45000000
"the girl on the train (2016)",2016,NA,NA
"the girl with all the gifts",2016,NA,5005600
"the girl without hands",2017,NA,NA
"the giver",2014,2.5e+07,25000000
"the glass castle",2017,NA,NA
"the golden cane warrior",2014,NA,2000000
"the golden era",2014,NA,NA
"the good dinosaur",2015,187500000,175000000
"the good lie",2014,NA,NA
"the grand budapest hotel",2014,3.1e+07,30000000
"the grand seduction",2014,NA,12700000
"the greatest showman",2017,8.4e+07,NA
"the great gilly hopkins",2015,NA,5000000
"the great wall",2016,NA,150000000
"the great wall",2017,1.5e+08,NA
"the green inferno",2014,NA,5000000
"the green inferno",2015,1e+06,NA
"the green prince",2014,NA,NA
"the guest",2014,NA,5000000
"the guest (2014)",2014,NA,NA
"the guide",2014,NA,722083
"the gunman",2015,4e+07,40000000
"the hallow",2015,NA,NA
"the handmaiden",2016,NA,8575000
"the hateful eight",2015,6.2e+07,44000000
"the hero of color city",2014,NA,NA
"the himalayas",2015,NA,NA
"the hitman's bodyguard",2017,NA,NA
"the hitman’s bodyguard",2017,3e+07,NA
"the hobbit: the battle of the five armies",2014,2.5e+08,250000000
"the hollars",2016,NA,3800000
"the hollow",2015,NA,2000000
"the homesman",2014,1.6e+07,16000000
"the hooligan factory",2014,NA,1000000
"the house",2017,4e+07,40000000
"the humbling",2014,NA,2000000
"the hundred-foot journey",2014,2.2e+07,22000000
"the hunger games: mockingjay - part 1",2014,1.25e+08,125000000
"the hunger games: mockingjay - part 2",2015,1.6e+08,160000000
"the hunter's prayer",2017,NA,17000000
"the huntsman: winter's war",2016,NA,115000000
"the huntsman: winter’s war",2016,1.15e+08,NA
"the idealist",2015,NA,2907868
"the identical",2014,NA,12000000
"the imitation game",2014,1.5e+07,14000000
"the immigrant",2014,1.6e+07,NA
"the infiltrator",2016,47500000,25000000
"the innocents",2016,NA,6000000
"the institute",2017,NA,3000000
"the intern",2015,4e+07,35000000
"the interview",2014,4.4e+07,44000000
"the interview (2014)",2014,NA,NA
"the invisible boy",2014,NA,8000000
"the invisible guest",2016,NA,4000000
"the invitation",2016,NA,NA
"their finest",2017,NA,32745300
"the iron ivan",2014,NA,12000000
"the iron ministry",2015,NA,NA
"the jewish cardinal",2014,NA,NA
"the journey",2014,NA,1220000
"the journey",2017,NA,NA
"the judge",2014,5e+07,50000000
"the jungle book",2016,1.75e+08,175000000
"the jungle book (2016)",2016,NA,NA
"the keeping room",2015,NA,NA
"the king of arcades",2014,NA,175000
"the king's case note",2017,NA,NA
"the king's choice",2016,NA,7500000
"the king's choice",2017,NA,NA
"the lady in the car with glasses and a gun",2015,NA,NA
"the lady in the van",2015,NA,6000000
"the last king",2016,NA,5455000
"the last light",2014,NA,400000
"the last man on the moon",2016,NA,NA
"the last - naruto the movie",2015,NA,NA
"the last princess",2016,NA,NA
"the last sentence",2014,NA,NA
"the last witch hunter",2015,8e+07,90000000
"the last women standing",2015,NA,NA
"the last word",2017,NA,NA
"the lazarus effect",2015,5e+06,3300000
"the legend of hercules",2014,7e+07,70000000
"the legend of tarzan",2016,1.8e+08,180000000
"the lego batman movie",2017,8e+07,80000000
"the lego movie",2014,6e+07,60000000
"the lego ninjago movie",2017,7e+07,NA
"the leisure class",2015,NA,3000000
"the leisure seeker",2017,NA,NA
"the lesson",2015,NA,NA
"the levelling",2017,NA,1282545
"the light between oceans",2016,2e+07,20000000
"the lighthouse of the orcas",2016,NA,6000000
"the little bedroom",2014,NA,NA
"the little death",2015,NA,NA
"the little prince",2015,NA,64000000
"the little prince",2016,77500000,NA
"the little rascals save the day",2014,NA,8000000
"the living",2014,NA,500000
"thelma",2017,NA,NA
"the lobster",2015,NA,4000000
"the lobster",2016,4500000,NA
"the lobster (canada release)",2016,NA,NA
"the lobster (us release)",2016,NA,NA
"the loft",2014,NA,14000000
"the loft",2015,NA,NA
"the longest ride",2015,3.4e+07,34000000
"the look of silence",2015,NA,NA
"the lost city of z",2016,NA,30000000
"the lost city of z",2017,3e+07,NA
"the love punch",2014,NA,NA
"the lovers",2015,NA,27000000
"the lovers and the despot",2016,NA,NA
"the lunchbox",2014,1700000,NA
"the lure",2015,NA,1300000
"the lure",2017,NA,NA
"the mafia only kills in summer",2015,NA,NA
"the magnificent seven",2016,9e+07,90000000
"the magnificent seven (2016)",2016,NA,NA
"the making of trump",2015,NA,800000
"the man from u.n.c.l.e.",2015,7.5e+07,75000000
"the man who invented christmas",2017,NA,NA
"the man who knew infinity",2016,NA,NA
"the map against the world",2016,NA,NA
"the marine 4: moving target",2015,NA,1950000
"the martian",2015,1.08e+08,108000000
"the master plan",2015,NA,3500000
"the mayor",2017,NA,NA
"the maze runner",2014,3.4e+07,34000000
"the measure of a man",2016,NA,NA
"the meddler",2016,3200000,3200000
"the mermaid",2016,NA,60720000
"the mermaid (mei ren yu)",2016,NA,NA
"the midwife",2017,NA,NA
"the mighty angel",2014,NA,2100000
"the mine",2016,NA,1200000
"the model",2016,NA,4000000
"the monk and the demon",2016,NA,2000000
"the monkey king",2014,NA,82000000
"the monkey king 2 in 3d",2016,NA,NA
"the monster",2016,NA,2700000
"the monster (2016)",2016,NA,NA
"the monuments men",2014,7e+07,70000000
"the mountain between us",2017,NA,NA
"the mummy",2017,1.95e+08,125000000
"the mummy (2017)",2017,NA,NA
"the music of strangers",2016,NA,NA
"the mystery of happiness",2014,NA,NA
"the neon demon",2016,7500000,7000000
"the new girlfriend",2015,NA,NA
"the new year's eve of old lee",2016,NA,NA
"the nice guys",2016,5e+07,50000000
"the night before",2015,2.5e+07,25000000
"the nightmare",2015,NA,85876
"the nile hilton incident",2017,NA,NA
"the notebook (2014)",2014,NA,NA
"the november man",2014,1.5e+07,15000000
"the nut job",2014,3e+07,NA
"the nut job 2: nutty by nature",2017,4e+07,NA
"the odyssey",2016,NA,21363000
"the office",2015,NA,NA
"the one",2015,NA,1500000
"the one i love",2014,NA,NA
"the ones below",2016,NA,NA
"the only living boy in new york",2017,NA,NA
"the opposite sex",2014,NA,3300000
"the ornithologist",2017,NA,NA
"the other side",2016,NA,NA
"the other side of hope",2017,NA,NA
"the other side of the door",2016,NA,NA
"the other woman",2014,4e+07,40000000
"the other woman (2014)",2014,NA,NA
"the ottoman lieutenant",2017,NA,40000000
"the outsider",2014,NA,4000000
"the overnight",2015,2e+05,NA
"the past is a grotesque animal",2014,NA,100
"the peanuts movie",2015,9.9e+07,99000000
"the people vs. fritz bauer",2016,NA,NA
"the perfect guy",2015,1.8e+07,12000000
"the perfect match",2016,5e+06,NA
"the phoenix incident",2015,NA,1300000
"the phone",2015,NA,NA
"the pirates",2014,NA,NA
"the players",2014,NA,NA
"the polar express (2014 re-issue)",2014,NA,NA
"the polar express (2016 re-issue)",2016,NA,NA
"the post",2017,5e+07,NA
"the presence",2014,NA,40000
"the president",2016,NA,NA
"the priests",2015,NA,NA
"the primary instinct",2015,NA,50234
"the prince",2014,NA,18000000
"the prison",2017,NA,NA
"the program (2016)",2016,NA,NA
"the promise",2016,NA,300000
"the promise",2017,9e+07,NA
"the promise (2017)",2017,NA,NA
"the protector 2",2014,NA,NA
"the puppet syndrome",2015,NA,2000000
"the purge: anarchy",2014,9e+06,9000000
"the purge: election year",2016,1e+07,10000000
"the pyramid",2014,NA,6500000
"the quiet ones",2014,NA,200000
"the raid 2",2014,NA,4500000
"the railway man",2014,1.8e+07,NA
"the red turtle",2017,NA,NA
"the redwood massacre",2014,NA,156660
"the remaining",2014,NA,NA
"the resurrection of gavin stone",2017,2e+06,NA
"the revenant",2015,1.35e+08,135000000
"the ridiculous 6",2015,NA,60000000
"the riot club",2015,NA,NA
"the rise of the krays",2015,NA,2500000
"the rocket (2014)",2014,NA,NA
"the rover",2014,8500000,12250000
"the runner",2015,NA,6000000
"the salesman",2017,NA,NA
"the salt of the earth",2015,NA,NA
"the salvation",2014,NA,10500000
"the salvation",2015,NA,NA
"the sea of trees",2016,NA,NA
"the search",2014,NA,25000000
"the second best exotic marigold hotel",2015,1e+07,10000000
"the second mother",2015,NA,NA
"the secret in their eyes (2015)",2015,NA,NA
"the secret life of pets",2016,7.5e+07,75000000
"the secret of evil",2014,NA,300000
"the sense of an ending",2017,NA,NA
"the shack",2017,NA,20000000
"the shadow effect",2017,NA,4000000
"the shallows",2016,1.3e+07,17000000
"the shamer's daughter",2015,NA,7500000
"the shape of water",2017,19500000,NA
"the signal",2014,4e+06,4000000
"the signal (2014)",2014,NA,NA
"the skeleton twins",2014,1e+06,NA
"the snowman",2017,3.5e+07,NA
"the son of joseph",2016,NA,NA
"the space between us",2017,3e+07,30000000
"the spacewalker",2017,NA,7075038
"the spongebob movie: sponge out of water",2015,7.4e+07,74000000
"the square",2017,NA,NA
"the stanford prison experiment",2015,NA,NA
"the star",2017,2e+07,NA
"the strange little cat",2014,NA,NA
"the student and mr. henri",2016,NA,NA
"the summer of sangaile",2015,NA,NA
"the suspect (2014)",2014,NA,NA
"the swedish moment",2014,NA,495000
"the swindlers",2017,NA,NA
"the take (2016)",2016,NA,NA
"the taking of tiger mountain",2015,NA,NA
"the tale of the princess kaguya",2014,NA,NA
"the tales of hoffmann (2015 re-issue)",2015,NA,NA
"the theory of everything",2014,1.5e+07,15000000
"the third man (2015 re-release)",2015,NA,NA
"the three brothers: the return",2014,NA,13640000
"the tiger: an old hunter's tale",2015,NA,5000
"the transporter refueled",2015,2.2e+07,25000000
"the treasure",2016,NA,NA
"the tribe",2015,NA,NA
"the trip to italy",2014,NA,NA
"the trust",2016,NA,9000000
"the two faces of january",2014,NA,NA
"the unwanted",2014,NA,100000
"the vatican tapes",2015,1.3e+07,13000000
"the veil",2016,NA,4000000
"the veil of twilight",2014,NA,1131974
"the vessel",2016,NA,5000000
"the villainess",2017,NA,NA
"the visit",2015,5e+06,5000000
"the visitors: bastille day",2016,NA,25868826
"the void",2017,NA,NA
"the wailing (goksung)",2016,NA,NA
"the walk",2015,3.5e+07,35000000
"the wall",2017,3e+06,NA
"the water diviner",2014,NA,22500000
"the water diviner",2015,22500000,NA
"the wave",2015,NA,5904067
"the wave",2016,NA,NA
"the way he looks",2014,NA,NA
"the wedding plan",2017,NA,NA
"the wedding ringer",2015,2.3e+07,23000000
"the white king",2017,NA,2494400
"the wild life (2016)",2016,NA,NA
"the wind rises",2014,NA,NA
"the witch",2016,3500000,3500000
"the witness (wo shi zheng ren)",2015,NA,NA
"the wolfpack",2015,NA,NA
"the woman in black 2: angel of death",2014,NA,1000000
"the woman in black 2: angel of death",2015,NA,NA
"the wonders",2015,NA,NA
"the world of kanako",2015,NA,NA
"they call me jeeg robot",2015,NA,1900000
"they have escaped",2014,NA,1400000
"the young messiah",2016,16800000,18500000
"the young & prodigious t.s. spivet",2015,NA,NA
"they're watching",2016,NA,3650000
"they will have to kill us first",2015,NA,522360
"they will have to kill us first",2016,NA,NA
"the zero theorem",2014,NA,8500000
"the zookeeper's wife",2017,NA,20000000
"the zookeeper’s wife",2017,2e+07,NA
"thick lashes of lauri mäntyvaara",2017,NA,1254040
"things to come",2016,NA,2100000
"things to come ",2016,NA,NA
"think like a man too",2014,2.4e+07,24000000
"third person",2014,NA,NA
"this is where i leave you",2014,2e+07,19800000
"thor: ragnarok",2017,1.8e+08,NA
"three",2016,NA,NA
"three billboards outside ebbing, missouri",2017,1.2e+07,NA
"thunder and the house of magic!",2014,NA,NA
"tickled",2016,NA,NA
"tiger zinda hai",2017,NA,NA
"timbuktu",2015,NA,NA
"time out of mind",2015,NA,NA
"time pass",2014,NA,200
"time renegades",2016,NA,NA
"tom of finland",2017,NA,4200000
"tomorrow",2017,NA,NA
"tomorrowland",2015,1.7e+08,190000000
"toni erdmann",2016,NA,3537415
"tonight it's me",2014,NA,25000
"top five",2014,1.2e+07,NA
"toro",2016,NA,4000000
"torrente 5: operación eurovegas",2014,NA,9272437
"to steal from a thief",2016,NA,6700000
"tough being loved by jerks",2015,NA,NA
"tour de force",2014,NA,4000000
"to write love on her arms",2015,NA,3400000
"traceroute",2016,NA,10000
"tracers",2015,NA,11000000
"tracks (2014)",2014,NA,NA
"train to busan",2016,NA,8820000
"trainwreck",2015,3.5e+07,35000000
"tramps",2016,NA,2000000
"transcendence",2014,1e+08,100000000
"transformers: age of extinction",2014,2.1e+08,210000000
"transformers: the last knight",2017,2.17e+08,260000000
"trash",2015,NA,NA
"treehouse",2014,NA,3250000
"trespass against us",2017,NA,NA
"triple 9",2016,2e+07,20000000
"trolls",2016,1.25e+08,125000000
"troublemakers: the story of land art",2016,NA,NA
"true memoirs of an international assassin",2016,NA,40000000
"true story",2015,NA,NA
"truman",2017,NA,NA
"trumbo",2015,NA,15000000
"trumbo (2015)",2015,NA,NA
"truth",2015,NA,9600000
"tubelight",2017,NA,NA
"tulip fever",2017,2.5e+07,NA
"tumbledown",2016,NA,NA
"tunnel",2016,NA,NA
"turkey shoot",2014,NA,3200000
"tusk",2014,3e+06,2800000
"twenty (2015)",2015,NA,NA
"twenty two",2017,NA,NA
"two days, one night",2014,NA,7000000
"two night stand",2014,NA,NA
"tyler perry's boo 2! a madea halloween",2017,NA,NA
"tyler perry’s boo 2! a madea halloween",2017,2e+07,NA
"tyler perry’s boo! a madea halloween",2016,2e+07,NA
"tyler perry's the single moms club",2014,NA,NA
"udta punjab",2016,NA,5980000
"una",2017,NA,NA
"unbranded",2015,NA,NA
"unbroken",2014,6.5e+07,65000000
"under the skin",2014,13300000,13300000
"under the skin (2014)",2014,NA,NA
"under the sun (2016)",2016,NA,NA
"underworld: blood wars",2016,NA,35000000
"underworld: blood wars",2017,3.5e+07,NA
"unexpected journey",2017,NA,1500000
"unfinished business",2015,3.5e+07,35000000
"unforgettable",2017,1.2e+07,12000000
"unforgettable (2017)",2017,NA,NA
"unfriended",2015,1e+06,1000000
"un gallo con muchos huevos",2015,NA,NA
"united passions",2014,NA,27000000
"un padre no tan padre",2017,NA,NA
"unrelated",2014,NA,NA
"unsullied",2016,1500000,NA
"until forever",2016,NA,NA
"until forever (por siempre)",2016,NA,NA
"uss indianapolis: men of courage",2016,NA,40000000
"vacation",2015,3.1e+07,31000000
"valerian and the city of a thousand planets",2017,1.8e+08,197471676
"valley of love",2016,NA,NA
"vampire academy",2014,NA,NA
"vanishing time: a boy who returned",2016,NA,NA
"veeram",2014,NA,5900000
"venus in fur",2014,NA,NA
"veronica mars",2014,6e+06,6000000
"very good girls",2014,NA,NA
"veteran",2015,NA,NA
"vice",2015,NA,10000000
"viceroy's house",2017,NA,NA
"victor frankenstein",2015,4e+07,40000000
"victoria and abdul",2017,NA,NA
"vigilante diaries",2016,NA,4000000
"viking",2016,NA,13000000
"viktor",2014,NA,10000000
"vincent n roxxy",2016,NA,5000000
"viral",2016,NA,NA
"virtual revolution",2016,NA,3200000
"visaranai",2016,NA,325000
"viva",2016,NA,NA
"wakefield",2017,NA,NA
"walk of shame",2014,NA,15000000
"walk with me",2017,NA,NA
"walter",2015,NA,700000
"warcraft",2016,1.6e+08,160000000
"war dogs",2016,5e+07,40000000
"war for the planet of the apes",2017,1.52e+08,152000000
"war machine",2017,NA,60000000
"war room",2015,3e+06,3000000
"warsaw 44",2014,NA,6700000
"way of the wicked",2014,NA,3000000
"wazir",2016,NA,5200000
"we are the best!",2014,NA,NA
"we are the pirates of the roads",2015,NA,1700000
"we are x",2016,NA,NA
"we are your friends",2015,2e+06,6000000
"weiner",2016,NA,NA
"welcome back",2015,NA,NA
"welcome to leith",2015,NA,NA
"welcome to me",2015,NA,NA
"wet and reckless",2014,NA,10000
"wetlands",2014,NA,NA
"what if (2014)",2014,NA,NA
"what men do! 2",2015,NA,2000000
"what our fathers did: a nazi legacy",2015,NA,NA
"what the health",2017,NA,273428
"what we do in the shadows",2015,NA,NA
"when animals dream",2014,NA,3000000
"when marnie was there",2015,NA,NA
"when the bough breaks",2016,1e+07,10000000
"when the game stands tall",2014,1.5e+07,15000000
"where hope grows",2015,NA,NA
"where to invade next",2016,NA,NA
"while we're young",2015,1e+07,10000000
"whiplash",2014,3300000,3300000
"whiskey tango foxtrot",2016,3.5e+07,35000000
"whisky galore",2017,NA,NA
"white bird in a blizzard",2014,NA,NA
"white girl",2016,NA,700000
"white god",2014,NA,2200000
"white god",2015,NA,NA
"who's driving doug",2016,NA,1500000
"why don't you play in hell",2014,NA,NA
"why him?",2016,3.8e+07,38000000
"wicked blood",2014,NA,3500000
"wiener-dog",2016,NA,NA
"wild",2014,1.5e+07,15000000
"wild (2014)",2014,NA,NA
"wild card",2015,NA,30000000
"wild city",2015,NA,NA
"wildflower (secretos del alma)",2016,NA,NA
"wild tales",2015,NA,NA
"wind river",2017,NA,11000000
"winter's tale",2014,6e+07,60000000
"wish i was here",2014,6e+06,5500000
"wish upon",2017,1.2e+07,NA
"wolf totem",2015,NA,38000000
"wolf warrior",2015,NA,12000000
"wolf warrior 2",2017,NA,NA
"wolves",2014,NA,18000000
"woman in gold",2015,1.1e+07,11000000
"women who flirt (sajiao nvren)",2014,NA,NA
"wonder",2017,2e+07,NA
"wonderstruck",2017,NA,NA
"wonder wheel",2017,NA,NA
"wonder woman",2017,1.5e+08,149000000
"woodlawn",2015,1.3e+07,12000000
"words and pictures",2014,NA,NA
"worlds apart",2017,NA,NA
"wrong turn 6: last resort",2014,NA,1200000
"xenia",2015,NA,NA
"xi you ji zhi sun wu kong san da bai gu jing",2016,6e+07,NA
"x-men: apocalypse",2016,1.78e+08,178000000
"x-men: days of future past",2014,2e+08,250000000
"xxx: return of xander cage",2017,8.5e+07,85000000
"xxx: the return of xander cage",2017,NA,NA
"yennai arindhaal",2015,NA,7900000
"yip man 3",2016,3.6e+07,NA
"yoga hosers",2016,NA,5000000
"yo-kai watch: the movie",2016,NA,NA
"young and beautiful",2014,NA,NA
"you're not you",2014,NA,NA
"your name.",2017,NA,NA
"youth",2015,1.3e+07,13360000
"youth (2017)",2017,NA,NA
"yu-gi-oh! the dark side of dimensions",2017,NA,NA
"yves saint laurent",2014,NA,12000000
"zero motivation",2014,NA,NA
"z for zachariah",2015,NA,NA
"zhongkui: snow girl and the dark crystal",2015,NA,32000000
"zid",2014,NA,1556288
"zombeavers",2015,NA,NA
"zoolander 2",2016,5e+07,50000000
"zootopia",2016,1.5e+08,150000000
